Forest and or Grassland with Species,Region,Common Name ,TEP,Scientific Name,Subgroup
Sequoia,R5,"CA tiger salamander, cent. pop.",T,Ambystoma californiense,Amphibian
Sierra,R5,"CA tiger salamander, cent. pop.",T,Ambystoma californiense,Amphibian
Stanislaus,R5,"CA tiger salamander, cent. pop.",T,Ambystoma californiense,Amphibian
Alabama NF,R8,Flatwoods Salamander,T,Ambystoma cingulatum,Amphibian
Florida NFs,R8,Flatwoods Salamander,T,Ambystoma cingulatum,Amphibian
Francis Marion and Sumter,R8,Flatwoods Salamander,T,Ambystoma cingulatum,Amphibian
Apache-Sitgreaves,R3,Sonora tiger salamander,E,Ambystoma tigrinum stebbinsi,Amphibian
Coronado,R3,Sonora tiger salamander,E,Ambystoma tigrinum stebbinsi,Amphibian
Angeles,R5,Arroyo toad,E,Bufo californicus,Amphibian
Cleveland,R5,Arroyo toad ,E,Bufo californicus,Amphibian
Los Padres,R5,Arroyo toad ,E,Bufo californicus,Amphibian
San Bernardino,R5,Arroyo toad ,E,Bufo californicus,Amphibian
Texas National Forests & Grasslands,R8,Houston Toad,E,Bufo houstonensis,Amphibian
Alabama NF,R8,Red Hills salamander,T,Phaeognathus hubrichti,Amphibian
Monongahela,R9,Cheat Mountain salamander,T,Plethodon nettingi,Amphibian
George Washington and Jefferson ,R8,Shenandoah salamander,E,Plethodon shenandoah,Amphibian
Angeles,R5,California red-legged frog ,T,Rana aurora draytonii,Amphibian
Cleveland,R5,California red-legged frog ,T,Rana aurora draytonii,Amphibian
Eldorado,R5,California red-legged frog ,T,Rana aurora draytonii,Amphibian
Lassen,R5,California red-legged frog ,T,Rana aurora draytonii,Amphibian
Los Padres,R5,California red-legged frog ,T,Rana aurora draytonii,Amphibian
Mendocino,R5,California red-legged frog ,T,Rana aurora draytonii,Amphibian
Plumas,R5,California red-legged frog ,T,Rana aurora draytonii,Amphibian
San Bernardino,R5,California red-legged frog ,T,Rana aurora draytonii,Amphibian
Shasta-Trinity,R5,California red-legged frog ,T,Rana aurora draytonii,Amphibian
Sierra,R5,California red-legged frog ,T,Rana aurora draytonii,Amphibian
Stanislaus,R5,California red-legged frog ,T,Rana aurora draytonii,Amphibian
Tahoe,R5,California red-legged frog ,T,Rana aurora draytonii,Amphibian
Apache-Sitgreaves,R3,Chiricahua leopard frog,T,Rana chiracahuensis,Amphibian
Cibola,R3,Chiricahua leopard frog,T,Rana chiracahuensis,Amphibian
Coconino,R3,Chiricahua leopard frog,T,Rana chiracahuensis,Amphibian
Coronado,R3,Chiricahua leopard frog,T,Rana chiracahuensis,Amphibian
Gila,R3,Chiricahua leopard frog,T,Rana chiracahuensis,Amphibian
Tonto,R3,Chiricahua leopard frog,T,Rana chiracahuensis,Amphibian
Angeles,R5,Mt. yellow-legged frog (S.California DPS),E,Rana muscosa ,Amphibian
Cleveland,R5,Mt. yellow-legged frog (S.California DPS),E,Rana muscosa ,Amphibian
San Bernardino,R5,Mt. yellow-legged frog (S.California DPS),E,Rana muscosa ,Amphibian
Mississippi,R8,Mississippi Gopher Frog ,E,Rana sevosa,Amphibian
Cherokee,R8,Spruce-fir Moss Spider,E,Microhexura montivaga,Arachnid
North Carolina NFs,R8,Spruce-fir Moss Spider,E,Microhexura montivaga,Arachnid
"El Yunque National Forest, PR",R8,Puerto Rican sharp-shinned hawk,E,Accipiter striatus venator,Bird
"El Yunque National Forest, PR",R8,Puerto Rican parrot,E,Amazona vittata,Bird
Florida NFs,R8,Florida scrub jay,T,Aphelocoma coerulescens,Bird
Klamath,R5,Marbled murrelet ,T,Brachyramphus marmoratus,Bird
Los Padres,R5,Marbled murrelet ,T,Brachyramphus marmoratus,Bird
Shasta-Trinity,R5,Marbled murrelet ,T,Brachyramphus marmoratus,Bird
Six Rivers,R5,Marbled murrelet ,T,Brachyramphus marmoratus,Bird
Gifford Pinchot National Forest,R6,Marbled murrelet ,T,Brachyramphus marmoratus,Bird
Mount Baker-Snoqualmie National Forest,R6,Marbled murrelet ,T,Brachyramphus marmoratus,Bird
Olympic National Forest,R6,Marbled murrelet ,T,Brachyramphus marmoratus,Bird
Rogue River/Siskiyou National Forest,R6,Marbled murrelet ,T,Brachyramphus marmoratus,Bird
Siuslaw,R6,Marbled murrelet ,T,Brachyramphus marmoratus,Bird
"El Yunque National Forest, PR",R8,Puerto Rican broad-winged hawk,E,Buteo platypterus brunnescens,Bird
Los Padres,R5,Snowy plover ,T,Charadrius alexandrinus,Bird
Siuslaw,R6,Western snowy plover,T,Charadrius alexandrinus nivosus,Bird
Chippewa,R9,Piping plover,E,Charadrius melodus,Bird
Hiawatha,R9,Piping plover,E,Charadrius melodus,Bird
Huron Manistee,R9,Piping plover,E,Charadrius melodus,Bird
Superior,R9,Piping plover,E,Charadrius melodus,Bird
Dakota Prairie Grasslnds,R1,Piping plover,T,Charadrius melodus,Bird
Arapaho-Roosevelt NFs & Pawnee NG,R2,Piping plover,T,Charadrius melodus,Bird
Medicine Bow-Routt NFs & Thunder Basin National Grassland (NG),R2,Piping plover,T,Charadrius melodus,Bird
"Pike-San Isabel NFs, Comanche or Cimarron NG",R2,Piping plover,T,Charadrius melodus,Bird
Ouachita National Forest,R8,Piping plover,T,Charadrius melodus,Bird
Texas National Forests & Grasslands,R8,Piping plover,T,Charadrius melodus,Bird
"El Yunque National Forest, PR",R8,White-necked crow,E,Corvus leucognaphalus,Bird
Hiawatha,R9,Kirtland's warbler,E,Dendroica kirtlandii,Bird
Huron Manistee,R9,Kirtland's warbler,E,Dendroica kirtlandii,Bird
Ottawa,R9,Kirtland's warbler,E,Dendroica kirtlandii,Bird
Rio Grande NF,R2,Southwestern willow flycatcher,E,Empidonax trailii extimus,Bird
San Juan NF,R2,Southwestern willow flycatcher,E,Empidonax trailii extimus,Bird
Dixie,R4,Southwestern willow flycatcher,E,Empidonax trailii extimus,Bird
Fishlake,R4,Southwestern willow flycatcher,E,Empidonax trailii extimus,Bird
Manti-LaSal,R4,Southwestern willow flycatcher,E,Empidonax trailii extimus,Bird
Toiyabe,R4,Southwestern willow flycatcher,E,Empidonax trailii extimus,Bird
Apache-Sitgreaves,R3,Southwestern willow flycatcher,E,Empidonax traillii extimus,Bird
Carson,R3,Southwestern willow flycatcher,E,Empidonax traillii extimus,Bird
Gila,R3,Southwestern willow flycatcher,E,Empidonax traillii extimus,Bird
Tonto,R3,Southwestern willow flycatcher,E,Empidonax traillii extimus,Bird
Angeles,R5,Southwestern willow flycatcher ,E,Empidonax traillii extimus,Bird
Cleveland,R5,Southwestern willow flycatcher ,E,Empidonax traillii extimus,Bird
Los Padres,R5,Southwestern willow flycatcher ,E,Empidonax traillii extimus,Bird
San Bernardino,R5,Southwestern willow flycatcher ,E,Empidonax traillii extimus,Bird
Sequoia,R5,Southwestern willow flycatcher ,E,Empidonax traillii extimus,Bird
Apache-Sitgreaves,R3,Northern Aplomado falcon,E,Falco femoralis septentrionalis,Bird
Cibola,R3,Northern Aplomado falcon,E,Falco femoralis septentrionalis,Bird
Coconino,R3,Northern Aplomado falcon,E,Falco femoralis septentrionalis,Bird
Gila,R3,Northern Aplomado falcon,E,Falco femoralis septentrionalis,Bird
Lincoln,R3,Northern Aplomado falcon,E,Falco femoralis septentrionalis,Bird
Dakota Prairie Grasslnds,R1,Whooping crane,E,Grus americana,Bird
Arapaho-Roosevelt NFs & Pawnee NG,R2,Whooping crane,E,Grus americana,Bird
Medicine Bow-Routt NFs & Thunder Basin National Grassland (NG),R2,Whooping crane,E,Grus americana,Bird
"Nebraska NF, Samuel R McKelvie NF & Oglala, Buffalo Gap, or Fort Pierre NGs",R2,Whooping crane,E,Grus americana,Bird
"Pike-San Isabel NFs, Comanche or Cimarron NG",R2,Whooping crane,E,Grus americana,Bird
Bridger-Teton,R4,Whooping crane,E,Grus americana,Bird
Caribou,R4,Whooping crane,E,Grus americana,Bird
Targhee,R4,Whooping crane,E,Grus americana,Bird
Uinta,R4,Whooping crane,E,Grus americana,Bird
Wasatch-Cache,R4,Whooping crane,E,Grus americana,Bird
Mississippi,R8,Mississippi sandhill crane,E,Grus canadensis pulla,Bird
Angeles,R5,California condor ,E,Gymnogyps californianus,Bird
Los Padres,R5,California condor ,E,Gymnogyps californianus,Bird
San Bernardino,R5,California condor ,E,Gymnogyps californianus,Bird
Sequoia,R5,California condor ,E,Gymnogyps californianus,Bird
Sierra,R5,California condor ,E,Gymnogyps californianus,Bird
Apache-Sitgreaves,R3,Bald Eagle,T,Haliaeetus leucocephalus,Bird
Coconino,R3,Bald Eagle,T,Haliaeetus leucocephalus,Bird
Coronado,R3,Bald Eagle,T,Haliaeetus leucocephalus,Bird
Kaibab,R3,Bald Eagle,T,Haliaeetus leucocephalus,Bird
Prescott,R3,Bald Eagle,T,Haliaeetus leucocephalus,Bird
Tonto,R3,Bald Eagle,T,Haliaeetus leucocephalus,Bird
Alabama NF,R8,Wood Stork,E,Mycteria americana,Bird
Chattahoochee-Oconee,R8,Wood Stork,E,Mycteria americana,Bird
Florida NFs,R8,Wood Stork,E,Mycteria americana,Bird
Francis Marion and Sumter,R8,Wood Stork,E,Mycteria americana,Bird
Siuslaw,R6,California brown pelican ,E,Pelecanus occidentalis californicus,Bird
Los Padres,R5,California brown pelican ,E,Pelecanus occidentalis californicus,Bird
Alabama NF,R8,Red-cockaded Woodpecker,E,Picoides borealis,Bird
Chattahoochee-Oconee,R8,Red-cockaded Woodpecker,E,Picoides borealis,Bird
Florida NFs,R8,Red-cockaded Woodpecker,E,Picoides borealis,Bird
Francis Marion and Sumter,R8,Red-cockaded Woodpecker,E,Picoides borealis,Bird
Kisatchie National Forest,R8,Red-cockaded Woodpecker,E,Picoides borealis,Bird
Mississippi,R8,Red-cockaded Woodpecker,E,Picoides borealis,Bird
North Carolina NFs,R8,Red-cockaded Woodpecker,E,Picoides borealis,Bird
Ouachita National Forest,R8,Red-cockaded Woodpecker,E,Picoides borealis,Bird
Texas National Forests & Grasslands,R8,Red-cockaded Woodpecker,E,Picoides borealis,Bird
Angeles,R5,California gnatcatcher ,T,Polioptila californica californica,Bird
Cleveland,R5,California gnatcatcher ,T,Polioptila californica californica,Bird
San Bernardino,R5,California gnatcatcher ,T,Polioptila californica californica,Bird
Apache-Sitgreaves,R3,Yuma clapper rail,E,Rallus longirostris yumanensis,Bird
Coconino,R3,Yuma clapper rail,E,Rallus longirostris yumanensis,Bird
Tonto,R3,Yuma clapper rail,E,Rallus longirostris yumanensis,Bird
Dakota Prairie Grasslnds,R1,Least tern,E,Sterna antillarum,Bird
Arapaho-Roosevelt NFs & Pawnee NG,R2,Least tern,E,Sterna antillarum,Bird
Medicine Bow-Routt NFs & Thunder Basin National Grassland (NG),R2,Least tern,E,Sterna antillarum,Bird
"Nebraska NF, Samuel R McKelvie NF & Oglala, Buffalo Gap, or Fort Pierre NGs",R2,Least tern,E,Sterna antillarum,Bird
"Pike-San Isabel NFs, Comanche or Cimarron NG",R2,Least tern,E,Sterna antillarum,Bird
Land Between the Lakes      ,R8,Least tern,E,Sterna antillarum,Bird
Ouachita National Forest,R8,Least tern,E,Sterna antillarum,Bird
Ozark/St. Francis National Forest ,R8,Least tern,E,Sterna antillarum,Bird
Apache-Sitgreaves,R3,Least tern (interior),E,Sterna antillarum athalassos,Bird
Cibola,R3,Least tern (interior),E,Sterna antillarum athalassos,Bird
Los Padres,R5,California least tern ,E,Sterna antillarum browni,Bird
Klamath,R5,Northern spotted owl,T,Strix occidentalis caurina,Bird
Lassen,R5,Northern spotted owl,T,Strix occidentalis caurina,Bird
Mendocino,R5,Northern spotted owl,T,Strix occidentalis caurina,Bird
Modoc,R5,Northern spotted owl,T,Strix occidentalis caurina,Bird
Shasta-Trinity,R5,Northern spotted owl,T,Strix occidentalis caurina,Bird
Six Rivers,R5,Northern spotted owl,T,Strix occidentalis caurina,Bird
Columbia River Gorge National Scenic Area,R6,Northern Spotted Owl,T,Strix occidentalis caurina,Bird
Deschutes National Forest,R6,Northern Spotted Owl,T,Strix occidentalis caurina,Bird
Fremont/Winema National Forest,R6,Northern Spotted Owl,T,Strix occidentalis caurina,Bird
Gifford Pinchot National Forest,R6,Northern Spotted Owl,T,Strix occidentalis caurina,Bird
Mount Baker-Snoqualmie National Forest,R6,Northern Spotted Owl,T,Strix occidentalis caurina,Bird
Mt. Hood National Forest,R6,Northern Spotted Owl,T,Strix occidentalis caurina,Bird
Okanogan/Wenatchee National Forest,R6,Northern Spotted Owl,T,Strix occidentalis caurina,Bird
Olympic National Forest,R6,Northern Spotted Owl,T,Strix occidentalis caurina,Bird
Rogue River/Siskiyou National Forest,R6,Northern Spotted Owl,T,Strix occidentalis caurina,Bird
Siuslaw,R6,Northern Spotted Owl,T,Strix occidentalis caurina,Bird
Umpqua National Forest,R6,Northern Spotted Owl,T,Strix occidentalis caurina,Bird
Willamette National Forest,R6,Northern Spotted Owl,T,Strix occidentalis caurina,Bird
Arapaho-Roosevelt NFs & Pawnee NG,R2,Mexican spotted owl,T,Strix occidentalis lucida,Bird
"Grand Mesa, Uncompahgre, and Gunnison NFs",R2,Mexican spotted owl,T,Strix occidentalis lucida,Bird
"Pike-San Isabel NFs, Comanche or Cimarron NG",R2,Mexican spotted owl,T,Strix occidentalis lucida,Bird
Rio Grande NF,R2,Mexican spotted owl,T,Strix occidentalis lucida,Bird
San Juan NF,R2,Mexican spotted owl,T,Strix occidentalis lucida,Bird
White River NF,R2,Mexican spotted owl,T,Strix occidentalis lucida,Bird
Apache-Sitgreaves,R3,Mexican spotted owl,T,Strix occidentalis lucida,Bird
Carson,R3,Mexican spotted owl,T,Strix occidentalis lucida,Bird
Cibola,R3,Mexican spotted owl,T,Strix occidentalis lucida,Bird
Coconino,R3,Mexican spotted owl,T,Strix occidentalis lucida,Bird
Coronado,R3,Mexican spotted owl,T,Strix occidentalis lucida,Bird
Gila,R3,Mexican spotted owl,T,Strix occidentalis lucida,Bird
Kaibab,R3,Mexican spotted owl,T,Strix occidentalis lucida,Bird
Lincoln,R3,Mexican spotted owl,T,Strix occidentalis lucida,Bird
Prescott,R3,Mexican spotted owl,T,Strix occidentalis lucida,Bird
Santa Fe,R3,Mexican spotted owl,T,Strix occidentalis lucida,Bird
Tonto,R3,Mexican spotted owl,T,Strix occidentalis lucida,Bird
Dixie,R4,Mexican spotted owl,T,Strix occidentalis lucida,Bird
Fishlake,R4,Mexican spotted owl,T,Strix occidentalis lucida,Bird
Manti-LaSal,R4,Mexican spotted owl,T,Strix occidentalis lucida,Bird
Francis Marion and Sumter,R8,Bachman's warbler,E,Vermivora bachmanii,Bird
Texas National Forests & Grasslands,R8,Black-capped vireo,E,Vireo atricapillus,Bird
Angeles,R5,Least Bell’s vireo ,E,Vireo bellii pusillus,Bird
Cleveland,R5,Least Bell’s vireo ,E,Vireo bellii pusillus,Bird
Los Padres,R5,Least Bell’s vireo ,E,Vireo bellii pusillus,Bird
San Bernardino,R5,Least Bell’s vireo ,E,Vireo bellii pusillus,Bird
Sequoia,R5,Least Bell’s vireo ,E,Vireo bellii pusillus,Bird
Los Padres,R5,Conservancy fairy shrimp,E,Branchinecta conservatio,Crustacean
Plumas,R5,Conservancy fairy shrimp,E,Branchinecta conservatio,Crustacean
Los Padres,R5,Longhorn fairy shrimp ,E,Branchinecta longiantenna,Crustacean
Klamath,R5,Vernal pool fairy shrimp ,T,Branchinecta lynchi,Crustacean
Los Padres,R5,Vernal pool fairy shrimp ,T,Branchinecta lynchi,Crustacean
Mendocino,R5,Vernal pool fairy shrimp ,T,Branchinecta lynchi,Crustacean
Shasta-Trinity,R5,Vernal pool fairy shrimp ,T,Branchinecta lynchi,Crustacean
Ozark/St. Francis National Forest ,R8,A Cave Crayfish,E,Cambarus aculabrum,Crustacean
Ozark/St. Francis National Forest ,R8,Hell Creek Cave Crayfish,E,Cambarus zophonastes,Crustacean
Mendocino,R5,Vernal pool tadpole shrimp,E,Lepidurus packardi,Crustacean
Lassen,R5,Shasta crayfish,E,Pacifastacus fortis,Crustacean
Modoc,R5,Shasta crayfish,E,Pacifastacus fortis,Crustacean
Shasta-Trinity,R5,Shasta crayfish,E,Pacifastacus fortis,Crustacean
Hiawatha,R9,Hart's-tongue fern,T,Asplenium (=Phyllitis) scolopendrium var americanum,Fern / Fern  Ally
Mississippi,R8,Louisiana Quillwort,E,Isoetes louisianensis,Fern / Fern  Ally
Alabama NF,R8,Alabama Streak-Sorus Fern,T,Thelypteris pilosa var. alabamensis,Fern / Fern  Ally
Francis Marion and Sumter,R8,Shortnose sturgeon,E,Acipenser brevirostrum,Fish
Mendocino,R5,Southern Green sturgeon,T,Acipenser mediosteris,Fish
Alabama NF,R8,Gulf sturgeon,T,Acipenser oxyrinchus desotoi,Fish
Florida NFs,R8,Gulf sturgeon,T,Acipenser oxyrinchus desotoi,Fish
Mississippi,R8,Gulf sturgeon,T,Acipenser oxyrinchus desotoi,Fish
Idaho Panhandle,R1,White sturgeon,E,Acipenser transmontanus,Fish
Kootenai,R1,White sturgeon,E,Acipenser transmontanus,Fish
Modoc,R5,Modoc sucker,E,Catostomus microps,Fish
Angeles,R5,Santa Ana sucker ,T,Catostomus santaanae,Fish
Los Padres,R5,Santa Ana sucker ,T,Catostomus santaanae,Fish
San Bernardino,R5,Santa Ana sucker ,T,Catostomus santaanae,Fish
Fremont/Winema National Forest,R6,Warner Sucker,T,Catostomus warnerensis,Fish
Klamath,R5,Shortnose Sucker,E,Chasmistes brevirostris,Fish
Modoc,R5,Shortnose Sucker,E,Chasmistes brevirostris,Fish
Fremont/Winema National Forest,R6,Shortnose Sucker,E,Chasmistes brevirostris,Fish
Uinta,R4,June sucker,E,Chasmistes liorus,Fish
Wasatch-Cache,R4,June sucker,E,Chasmistes liorus,Fish
Alabama NF,R8,Pygmy sculpin,T,Cottus paulus,Fish
Toiyabe,R4,Railroad Valley springfish,T,Crenichthys nevadae,Fish
Alabama NF,R8,Blue Shiner,T,Cyprinella caerulea,Fish
Chattahoochee-Oconee,R8,Blue Shiner,T,Cyprinella caerulea,Fish
Cherokee,R8,Blue Shiner,T,Cyprinella caerulea,Fish
Apache-Sitgreaves,R3,Desert pupfish,E,Cyprinodon macularius,Fish
Coconino,R3,Desert pupfish,E,Cyprinodon macularius,Fish
Prescott,R3,Desert pupfish,E,Cyprinodon macularius,Fish
Tonto,R3,Desert pupfish,E,Cyprinodon macularius,Fish
Klamath,R5,Lost River Sucker,E,Deltistes luxatus,Fish
Modoc,R5,Lost River Sucker,E,Deltistes luxatus,Fish
Fremont/Winema National Forest,R6,Lost River Sucker,E,Deltistes luxatus,Fish
George Washington and Jefferson ,R8,Spotfin Chub,T,Erimonax monacha,Fish
North Carolina NFs,R8,Spotfin Chub,T,Erimonax monacha,Fish
George Washington and Jefferson ,R8,Slender Chub,T,Erimystax cahni,Fish
Chattahoochee-Oconee,R8,Etowah Darter,E,Etheostoma etowahae,Fish
Cherokee,R8,Duskytail Darter,E,Etheostoma percnurum,Fish
Daniel Boone,R8,Duskytail Darter,E,Etheostoma percnurum,Fish
George Washington and Jefferson ,R8,Duskytail Darter,E,Etheostoma percnurum,Fish
Klamath,R5,Tidewater goby ,E,Eucyclogobius newberryi,Fish
Los Padres,R5,Tidewater goby ,E,Eucyclogobius newberryi,Fish
Six Rivers,R5,Tidewater goby ,E,Eucyclogobius newberryi,Fish
Angeles,R5,Unarmored threespine stickleback ,E,Gasterosteus aculeatus williamsoni,Fish
San Bernardino,R5,Unarmored threespine stickleback ,E,Gasterosteus aculeatus williamsoni,Fish
Inyo,R5,Owens tui chub,E,Gila bicolor snyderi,Fish
Arapaho-Roosevelt NFs & Pawnee NG,R2,Humpback chub,E,Gila cypha,Fish
"Grand Mesa, Uncompahgre, and Gunnison NFs",R2,Humpback chub,E,Gila cypha,Fish
Medicine Bow-Routt NFs & Thunder Basin National Grassland (NG),R2,Humpback chub,E,Gila cypha,Fish
San Juan NF,R2,Humpback chub,E,Gila cypha,Fish
White River NF,R2,Humpback chub,E,Gila cypha,Fish
Ashley,R4,Humpback chub,E,Gila cypha,Fish
Bridger-Teton,R4,Humpback chub,E,Gila cypha,Fish
Dixie,R4,Humpback chub,E,Gila cypha,Fish
Fishlake,R4,Humpback chub,E,Gila cypha,Fish
Manti-LaSal,R4,Humpback chub,E,Gila cypha,Fish
Uinta,R4,Humpback chub,E,Gila cypha,Fish
Wasatch-Cache,R4,Humpback chub,E,Gila cypha,Fish
Apache-Sitgreaves,R3,Sonora chub,T,Gila ditaenia,Fish
Coconino,R3,Sonora chub,T,Gila ditaenia,Fish
Arapaho-Roosevelt NFs & Pawnee NG,R2,Bonytail chub,E,Gila elegans,Fish
"Grand Mesa, Uncompahgre, and Gunnison NFs",R2,Bonytail chub,E,Gila elegans,Fish
Medicine Bow-Routt NFs & Thunder Basin National Grassland (NG),R2,Bonytail chub,E,Gila elegans,Fish
San Juan NF,R2,Bonytail chub,E,Gila elegans,Fish
White River NF,R2,Bonytail chub,E,Gila elegans,Fish
Ashley,R4,Bonytail chub,E,Gila elegans,Fish
Bridger-Teton,R4,Bonytail chub,E,Gila elegans,Fish
Dixie,R4,Bonytail chub,E,Gila elegans,Fish
Fishlake,R4,Bonytail chub,E,Gila elegans,Fish
Manti-LaSal,R4,Bonytail chub,E,Gila elegans,Fish
Uinta,R4,Bonytail chub,E,Gila elegans,Fish
Wasatch-Cache,R4,Bonytail chub,E,Gila elegans,Fish
Apache-Sitgreaves,R3,Gila chub,E,Gila Intermedia,Fish
Coconino,R3,Gila chub,E,Gila Intermedia,Fish
Coronado,R3,Gila chub,E,Gila Intermedia,Fish
Gila,R3,Gila chub,E,Gila Intermedia,Fish
Prescott,R3,Gila chub,E,Gila Intermedia,Fish
Tonto,R3,Gila chub,E,Gila Intermedia,Fish
Apache-Sitgreaves,R3,Chihuahua chub,T,Gila nigrescens,Fish
Gila,R3,Chihuahua chub,T,Gila nigrescens,Fish
Coronado,R3,Yaqui chub,E,Gila purpurea,Fish
Apache-Sitgreaves,R3,Rio Grande silvery minnow,E,Hybognathus amarus,Fish
Santa Fe,R3,Rio Grande silvery minnow,E,Hybognathus amarus,Fish
Tonto,R3,Rio Grande silvery minnow,E,Hybognathus amarus,Fish
Eldorado,R5,Delta Smelt,T,Hypomesus transpacificus,Fish
Mendocino,R5,Delta Smelt,T,Hypomesus transpacificus,Fish
Plumas,R5,Delta Smelt,T,Hypomesus transpacificus,Fish
Sierra,R5,Delta Smelt,T,Hypomesus transpacificus,Fish
Stanislaus,R5,Delta Smelt,T,Hypomesus transpacificus,Fish
Tahoe,R5,Delta Smelt,T,Hypomesus transpacificus,Fish
Coronado,R3,Yaqui catfish,T,Ictalurus pricei,Fish
Apache-Sitgreaves,R3,Little Colorado spinedace,T,Lepidomeda vittata,Fish
Coconino,R3,Little Colorado spinedace,T,Lepidomeda vittata,Fish
Coronado,R3,Little Colorado spinedace,T,Lepidomeda vittata,Fish
Gila,R3,Little Colorado spinedace,T,Lepidomeda vittata,Fish
Kaibab,R3,Little Colorado spinedace,T,Lepidomeda vittata,Fish
Apache-Sitgreaves,R3,Spikedace,T,Meda fulgida,Fish
Daniel Boone,R8,Palezone Shiner,E,Notropis albizonatus,Fish
Alabama NF,R8,Cahaba Shiner,E,Notropis cahabae,Fish
Apache-Sitgreaves,R3,Arkansas River shiner,T,Notropis girardi,Fish
Cibola,R3,Arkansas River shiner,T,Notropis girardi,Fish
Mark Twain,R9,Topeka shiner,E,Notropis topeka,Fish
North Carolina NFs,R8,Cape Fear shiner,E,Notropus mekistocholas,Fish
Cherokee,R8,Smoky Madtom,E,Noturus baileyi,Fish
Cherokee,R8,Yellowfin Madtom,T,Noturus flavipinnis,Fish
George Washington and Jefferson ,R8,Yellowfin Madtom,T,Noturus flavipinnis,Fish
Inyo,R5,Paiute cutthroat trout,T,Oncorhynchus (=Salmo) clarki seleniris,Fish
Sierra,R5,Paiute cutthroat trout,T,Oncorhynchus (=Salmo) clarki seleniris,Fish
Sequoia,R5,Little Kern golden trout,T,Oncorhynchus aguabonita whitei,Fish
Apache-Sitgreaves,R3,Apache trout,T,Oncorhynchus apache,Fish
Coronado,R3,Apache trout,T,Oncorhynchus apache,Fish
Kaibab,R3,Apache trout,T,Oncorhynchus apache,Fish
Humboldt,R4,Lahontan cutthroat trout,T,Oncorhynchus clarki henshawi,Fish
Toiyabe,R4,Lahontan cutthroat trout,T,Oncorhynchus clarki henshawi,Fish
Inyo,R5,Lahontan cutthroat trout,T,Oncorhynchus clarki henshawi,Fish
L. Tahoe Basin MU,R5,Lahontan cutthroat trout,T,Oncorhynchus clarki henshawi,Fish
Sierra,R5,Lahontan cutthroat trout,T,Oncorhynchus clarki henshawi,Fish
Stanislaus,R5,Lahontan cutthroat trout,T,Oncorhynchus clarki henshawi,Fish
Toiyabe,R4,Paiute cutthroat trout,T,Oncorhynchus clarki seleniris,Fish
Arapaho-Roosevelt NFs & Pawnee NG,R2,Greenback cutthroat trout,T,Oncorhynchus clarki stomias,Fish
"Pike-San Isabel NFs, Comanche or Cimarron NG",R2,Greenback cutthroat trout,T,Oncorhynchus clarki stomias,Fish
Apache-Sitgreaves,R3,Gila trout,T,Oncorhynchus gilae gilae,Fish
Coconino,R3,Gila trout,T,Oncorhynchus gilae gilae,Fish
Coronado,R3,Gila trout,T,Oncorhynchus gilae gilae,Fish
Gila,R3,Gila trout,T,Oncorhynchus gilae gilae,Fish
Tonto,R3,Gila trout,T,Oncorhynchus gilae gilae,Fish
Columbia River Gorge National Scenic Area,R6,Columbia River Chum Salmon,T,Oncorhynchus keta,Fish
Olympic National Forest,R6,Hood Canal smr-run Chum Salmon,T,Oncorhynchus keta,Fish
Columbia River Gorge National Scenic Area,R6,L. Columbia R. Coho Salmon,T,Oncorhynchus kisutch,Fish
Gifford Pinchot National Forest,R6,L. Columbia R. Coho Salmon,T,Oncorhynchus kisutch,Fish
Mt. Hood National Forest,R6,L. Columbia R. Coho Salmon,T,Oncorhynchus kisutch,Fish
Rogue River-Siskiyou,R6,Oregon Coast Coho Salmon,T,Oncorhynchus kisutch,Fish
Siuslaw,R6,Oregon Coast Coho Salmon,T,Oncorhynchus kisutch,Fish
Umpqua National Forest,R6,Oregon Coast Coho Salmon,T,Oncorhynchus kisutch,Fish
Klamath,R5,S. Oregon/N. Cal. Coasts Coho,T,Oncorhynchus kisutch,Fish
Mendocino,R5,S. Oregon/N. Cal. Coasts Coho,T,Oncorhynchus kisutch,Fish
Shasta-Trinity,R5,S. Oregon/N. Cal. Coasts Coho,T,Oncorhynchus kisutch,Fish
Six Rivers,R5,S. Oregon/N. Cal. Coasts Coho,T,Oncorhynchus kisutch,Fish
Rogue River/Siskiyou National Forest,R6,S. Oregon/N. Cal. Coasts Coho,T,Oncorhynchus kisutch,Fish
Eldorado,R5,Cal. Central Valley steelhead,T,Oncorhynchus mykiss,Fish
Lassen,R5,Cal. Central Valley steelhead,T,Oncorhynchus mykiss,Fish
Mendocino,R5,Cal. Central Valley steelhead,T,Oncorhynchus mykiss,Fish
Plumas,R5,Cal. Central Valley steelhead,T,Oncorhynchus mykiss,Fish
Shasta-Trinity,R5,Cal. Central Valley steelhead,T,Oncorhynchus mykiss,Fish
Sierra,R5,Cal. Central Valley steelhead,T,Oncorhynchus mykiss,Fish
Stanislaus,R5,Cal. Central Valley steelhead,T,Oncorhynchus mykiss,Fish
Tahoe,R5,Cal. Central Valley steelhead,T,Oncorhynchus mykiss,Fish
Columbia River Gorge National Scenic Area,R6,Lower Columbia R. Steelhead,T,Oncorhynchus mykiss,Fish
Mt. Hood National Forest,R6,Lower Columbia R. Steelhead,T,Oncorhynchus mykiss,Fish
Gifford Pinchot,R6,Lower Columbia R. Steelhead,T,Oncorhynchus mykiss,Fish
Mendocino,R5,Northern California Steelhead,T,Oncorhynchus mykiss,Fish
Six Rivers,R5,Northern California Steelhead,T,Oncorhynchus mykiss,Fish
Mount Baker-Snoqualmie National Forest,R6,Puget Sound Steelhead,T,Oncorhynchus mykiss,Fish
Olympic National Forest,R6,Puget Sound Steelhead,T,Oncorhynchus mykiss,Fish
Boise,R4,Snake River Basin Steelhead ,T,Oncorhynchus mykiss,Fish
Challis,R4,Snake River Basin Steelhead ,T,Oncorhynchus mykiss,Fish
Payette,R4,Snake River Basin Steelhead ,T,Oncorhynchus mykiss,Fish
Salmon,R4,Snake River Basin Steelhead ,T,Oncorhynchus mykiss,Fish
Sawtooth,R4,Snake River Basin Steelhead ,T,Oncorhynchus mykiss,Fish
Columbia River Gorge National Scenic Area,R6,Snake River Basin Steelhead ,T,Oncorhynchus mykiss,Fish
Umatilla National Forest,R6,Snake River Basin Steelhead ,T,Oncorhynchus mykiss,Fish
Wallowa-Whitman National Forest,R6,Snake River Basin Steelhead ,T,Oncorhynchus mykiss,Fish
Los Padres,R5,South-central Cal. Coast Steelhead,T,Oncorhynchus mykiss,Fish
Cleveland,R5,Southern California Steelhead,E,Oncorhynchus mykiss,Fish
Columbia River Gorge National Scenic Area,R6,Upper Columbia R. Steelhead ,T,Oncorhynchus mykiss,Fish
Okanogan/Wenatchee National Forest,R6,Upper Columbia R. Steelhead ,T,Oncorhynchus mykiss,Fish
Willamette National Forest,R6,Upper Willamette R. Steelhead,T,Oncorhynchus mykiss,Fish
Columbia River Gorge National Scenic Area,R6,Middle Columbia R. Steelhead,T,Oncorhynchus mykiss ,Fish
Gifford Pinchot National Forest,R6,Middle Columbia R. Steelhead,T,Oncorhynchus mykiss ,Fish
Malheur National Forest,R6,Middle Columbia R. Steelhead,T,Oncorhynchus mykiss ,Fish
Mt. Hood National Forest,R6,Middle Columbia R. Steelhead,T,Oncorhynchus mykiss ,Fish
Ochoco National Forest,R6,Middle Columbia R. Steelhead,T,Oncorhynchus mykiss ,Fish
Okanogan/Wenatchee National Forest,R6,Middle Columbia R. Steelhead,T,Oncorhynchus mykiss ,Fish
Umatilla National Forest,R6,Middle Columbia R. Steelhead,T,Oncorhynchus mykiss ,Fish
Wallowa-Whitman National Forest,R6,Middle Columbia R. Steelhead,T,Oncorhynchus mykiss ,Fish
Bitterroot,R1,Snake River Basin Steelhead ,T,Oncorhynchus mykiss ,Fish
Clearwater,R1,Snake River Basin Steelhead ,T,Oncorhynchus mykiss ,Fish
NezPerce,R1,Snake River Basin Steelhead ,T,Oncorhynchus mykiss ,Fish
NezPerce,R1,Snake River Sockeye Salmon,E,Oncorhynchus nerka,Fish
Challis,R4,Snake River Sockeye Salmon,E,Oncorhynchus nerka,Fish
Payette,R4,Snake River Sockeye Salmon,E,Oncorhynchus nerka,Fish
Salmon,R4,Snake River Sockeye Salmon,E,Oncorhynchus nerka,Fish
Sawtooth,R4,Snake River Sockeye Salmon,E,Oncorhynchus nerka,Fish
Columbia River Gorge National Scenic Area,R6,Snake River Sockeye Salmon,E,Oncorhynchus nerka,Fish
Wallowa-Whitman National Forest,R6,Snake River Sockeye Salmon,E,Oncorhynchus nerka,Fish
Mendocino,R5,Cal. coastal chinook salmon,T,Oncorhynchus tshawytscha,Fish
Six Rivers,R5,Cal. coastal chinook salmon,T,Oncorhynchus tshawytscha,Fish
Eldorado,R5,Central Valley spring-run chinook,T,Oncorhynchus tshawytscha,Fish
Lassen,R5,Central Valley spring-run chinook,T,Oncorhynchus tshawytscha,Fish
Mendocino,R5,Central Valley spring-run chinook,T,Oncorhynchus tshawytscha,Fish
Plumas,R5,Central Valley spring-run chinook,T,Oncorhynchus tshawytscha,Fish
Shasta-Trinity,R5,Central Valley spring-run chinook,T,Oncorhynchus tshawytscha,Fish
Tahoe,R5,Central Valley spring-run chinook,T,Oncorhynchus tshawytscha,Fish
Columbia River Gorge National Scenic Area,R6,Lower Columbia River Chinook,T,Oncorhynchus tshawytscha,Fish
Gifford Pinchot National Forest,R6,Lower Columbia River Chinook,T,Oncorhynchus tshawytscha,Fish
Mt. Hood National Forest,R6,Lower Columbia River Chinook,T,Oncorhynchus tshawytscha,Fish
Mount Baker-Snoqualmie National Forest,R6,Puget Sound Chinook Salmon,T,Oncorhynchus tshawytscha,Fish
Olympic National Forest,R6,Puget Sound Chinook Salmon,T,Oncorhynchus tshawytscha,Fish
Mendocino,R5,Sacamento R. winter-run Chinook,E,Oncorhynchus tshawytscha,Fish
Bitterroot,R1,Snake R. fall run Chinook Salmon,T,Oncorhynchus tshawytscha,Fish
Clearwater,R1,Snake R. fall run Chinook Salmon,T,Oncorhynchus tshawytscha,Fish
NezPerce,R1,Snake R. fall run Chinook Salmon,T,Oncorhynchus tshawytscha,Fish
Payette,R4,Snake R. fall run Chinook Salmon,T,Oncorhynchus tshawytscha,Fish
NezPerce,R1,Snake R. sprg/smr Chinook Salmon,T,Oncorhynchus tshawytscha,Fish
Boise,R4,Snake R. sprg/smr Chinook Salmon,T,Oncorhynchus tshawytscha,Fish
Challis,R4,Snake R. sprg/smr Chinook Salmon,T,Oncorhynchus tshawytscha,Fish
Payette,R4,Snake R. sprg/smr Chinook Salmon,T,Oncorhynchus tshawytscha,Fish
Salmon,R4,Snake R. sprg/smr Chinook Salmon,T,Oncorhynchus tshawytscha,Fish
Sawtooth,R4,Snake R. sprg/smr Chinook Salmon,T,Oncorhynchus tshawytscha,Fish
Columbia River Gorge National Scenic Area,R6,Snake R. sprg/smr Chinook Salmon,T,Oncorhynchus tshawytscha,Fish
Wallowa-Whitman National Forest,R6,Snake R. sprg/smr Chinook Salmon,T,Oncorhynchus tshawytscha,Fish
Umatilla National Forest,R6,Snake R. sprg/smr Chinook Salmon     ,T,Oncorhynchus tshawytscha,Fish
Columbia River Gorge National Scenic Area,R6,Snake River Fall-run Chinook,T,Oncorhynchus tshawytscha,Fish
Umatilla National Forest,R6,Snake River Fall-run Chinook,T,Oncorhynchus tshawytscha,Fish
Wallowa-Whitman National Forest,R6,Snake River Fall-run Chinook,T,Oncorhynchus tshawytscha,Fish
Columbia River Gorge National Scenic Area,R6,Upper Columbia R. sprg-run Chinook,E,Oncorhynchus tshawytscha,Fish
Okanogan/Wenatchee National Forest,R6,Upper Columbia R. sprg-run Chinook,E,Oncorhynchus tshawytscha,Fish
Mt. Hood National Forest,R6,Upper Willamette River Chinook,T,Oncorhynchus tshawytscha,Fish
Willamette National Forest,R6,Upper Willamette River Chinook,T,Oncorhynchus tshawytscha,Fish
Umpqua National Forest,R6,Oregon Chub,E,Oregonichythys crameri,Fish
Willamette National Forest,R6,Oregon Chub,E,Oregonichythys crameri,Fish
Chattahoochee-Oconee,R8,Amber Darter,E,Percina antesella,Fish
Cherokee,R8,Amber Darter,E,Percina antesella,Fish
Alabama NF,R8,Goldline Darter,T,Percina aurolineata,Fish
Chattahoochee-Oconee,R8,Goldline Darter,T,Percina aurolineata,Fish
Chattahoochee-Oconee,R8,Conasauga Logperch,E,Percina jenkinsi,Fish
Cherokee,R8,Conasauga Logperch,E,Percina jenkinsi,Fish
Ouachita National Forest,R8,Leopard Darter,T,Percina pantherina,Fish
George Washington and Jefferson ,R8,Roanoke Logperch,E,Percina rex,Fish
Cherokee,R8,Snail Darter,T,Percina tanasi,Fish
Daniel Boone,R8,Blackside Dace,T,Phoxinus cumberlandensis,Fish
George Washington and Jefferson ,R8,Blackside Dace,T,Phoxinus cumberlandensis,Fish
Apache-Sitgreaves,R3,Gila topminnow,E,Poeciliposis occidentalis occidentalis,Fish
Coconino,R3,Gila topminnow,E,Poeciliposis occidentalis occidentalis,Fish
Prescott,R3,Gila topminnow,E,Poeciliposis occidentalis occidentalis,Fish
Tonto,R3,Gila topminnow,E,Poeciliposis occidentalis occidentalis,Fish
Arapaho-Roosevelt NFs & Pawnee NG,R2,Colorado pikeminnow,E,Ptychocheilus lucius,Fish
"Grand Mesa, Uncompahgre, and Gunnison NFs",R2,Colorado pikeminnow,E,Ptychocheilus lucius,Fish
Medicine Bow-Routt NFs & Thunder Basin National Grassland (NG),R2,Colorado pikeminnow,E,Ptychocheilus lucius,Fish
San Juan NF,R2,Colorado pikeminnow,E,Ptychocheilus lucius,Fish
White River NF,R2,Colorado pikeminnow,E,Ptychocheilus lucius,Fish
Apache-Sitgreaves,R3,Colorado pikeminnow,E,Ptychocheilus lucius,Fish
Coconino,R3,Colorado pikeminnow,E,Ptychocheilus lucius,Fish
Prescott,R3,Colorado pikeminnow,E,Ptychocheilus lucius,Fish
Tonto,R3,Colorado pikeminnow,E,Ptychocheilus lucius,Fish
Bridger-Teton,R4,Kendall Warm Springs dace,E,Rhinichthys osculus ,Fish
Beaverhead-Deerlodge,R1,Bull Trout,T,Salvelinus confluentus,Fish
Bitterroot,R1,Bull Trout,T,Salvelinus confluentus,Fish
Clearwater,R1,Bull Trout,T,Salvelinus confluentus,Fish
Flathead,R1,Bull Trout,T,Salvelinus confluentus,Fish
Helena,R1,Bull Trout,T,Salvelinus confluentus,Fish
Idaho Panhandle,R1,Bull Trout,T,Salvelinus confluentus,Fish
Kootenai,R1,Bull Trout,T,Salvelinus confluentus,Fish
Lolo,R1,Bull Trout,T,Salvelinus confluentus,Fish
NezPerce,R1,Bull Trout,T,Salvelinus confluentus,Fish
Boise,R4,Bull Trout,T,Salvelinus confluentus,Fish
Challis,R4,Bull Trout,T,Salvelinus confluentus,Fish
Humboldt,R4,Bull Trout,T,Salvelinus confluentus,Fish
Payette,R4,Bull Trout,T,Salvelinus confluentus,Fish
Salmon,R4,Bull Trout,T,Salvelinus confluentus,Fish
Sawtooth,R4,Bull Trout,T,Salvelinus confluentus,Fish
Gifford Pinchot National Forest,R6,Coastal/Puget Sound Bull Trout  ,T,Salvelinus confluentus,Fish
Mount Baker-Snoqualmie National Forest,R6,Coastal/Puget Sound Bull Trout  ,T,Salvelinus confluentus,Fish
Olympic National Forest,R6,Coastal/Puget Sound Bull Trout  ,T,Salvelinus confluentus,Fish
Columbia River Gorge National Scenic Area,R6,Columbia River Bull Trout ,T,Salvelinus confluentus,Fish
Colville National Forest,R6,Columbia River Bull Trout ,T,Salvelinus confluentus,Fish
Deschutes National Forest,R6,Columbia River Bull Trout ,T,Salvelinus confluentus,Fish
Gifford Pinchot National Forest,R6,Columbia River Bull Trout ,T,Salvelinus confluentus,Fish
Malheur National Forest,R6,Columbia River Bull Trout ,T,Salvelinus confluentus,Fish
Mt. Hood National Forest,R6,Columbia River Bull Trout ,T,Salvelinus confluentus,Fish
Ochoco National Forest,R6,Columbia River Bull Trout ,T,Salvelinus confluentus,Fish
Okanogan/Wenatchee National Forest,R6,Columbia River Bull Trout ,T,Salvelinus confluentus,Fish
Umatilla National Forest,R6,Columbia River Bull Trout ,T,Salvelinus confluentus,Fish
Wallowa-Whitman National Forest,R6,Columbia River Bull Trout ,T,Salvelinus confluentus,Fish
Willamette National Forest,R6,Columbia River Bull Trout ,T,Salvelinus confluentus,Fish
Fremont/Winema National Forest,R6,Klamath River Bull Trout ,T,Salvelinus confluentus,Fish
Arapaho-Roosevelt NFs & Pawnee NG,R2,Pallid Sturgeon,E,Scaphirhynchus albus,Fish
Medicine Bow-Routt NFs & Thunder Basin National Grassland (NG),R2,Pallid Sturgeon,E,Scaphirhynchus albus,Fish
"Pike-San Isabel NFs, Comanche or Cimarron NG",R2,Pallid Sturgeon,E,Scaphirhynchus albus,Fish
Bridger-Teton,R4,Pallid Sturgeon,E,Scaphirhynchus albus,Fish
Mississippi,R8,Pallid Sturgeon,E,Scaphirhynchus albus,Fish
Ozark/St. Francis National Forest ,R8,Pallid Sturgeon,E,Scaphirhynchus albus,Fish
Alabama NF,R8,Alabama sturgeon,E,Scaphirhynchus suttkusi,Fish
Apache-Sitgreaves,R3,Loach minnow,T,Tiaroga cobitis,Fish
Coconino,R3,Loach minnow,T,Tiaroga cobitis,Fish
Gila,R3,Loach minnow,T,Tiaroga cobitis,Fish
Prescott,R3,Loach minnow,T,Tiaroga cobitis,Fish
Tonto,R3,Loach minnow,T,Tiaroga cobitis,Fish
Arapaho-Roosevelt NFs & Pawnee NG,R2,Razorback sucker,E,Xyrauchen texanus,Fish
"Grand Mesa, Uncompahgre, and Gunnison NFs",R2,Razorback sucker,E,Xyrauchen texanus,Fish
Medicine Bow-Routt NFs & Thunder Basin National Grassland (NG),R2,Razorback sucker,E,Xyrauchen texanus,Fish
White River NF,R2,Razorback sucker,E,Xyrauchen texanus,Fish
Apache-Sitgreaves,R3,Razorback sucker,E,Xyrauchen texanus,Fish
Ashley,R4,Razorback sucker,E,Xyrauchen texanus,Fish
Bridger-Teton,R4,Razorback sucker,E,Xyrauchen texanus,Fish
Dixie,R4,Razorback sucker,E,Xyrauchen texanus,Fish
Fishlake,R4,Razorback sucker,E,Xyrauchen texanus,Fish
Manti-LaSal,R4,Razorback sucker,E,Xyrauchen texanus,Fish
Uinta,R4,Razorback sucker,E,Xyrauchen texanus,Fish
Wasatch-Cache,R4,Razorback sucker,E,Xyrauchen texanus,Fish
Cleveland,R5,San Diego thorn-mint ,T,Acanthomintha ilicifolia,Flowering Plant
San Bernardino,R5,San Diego thorn-mint ,T,Acanthomintha ilicifolia,Flowering Plant
Cleveland,R5,Cushenbury puncturebract ,E,Acanthoscyphus parishii var. goodmaniana (Oxytheca parishii),Flowering Plant
San Bernardino,R5,Cushenbury puncturebract ,E,Acanthoscyphus parishii var. goodmaniana (Oxytheca parishii),Flowering Plant
Wayne,R9,Northern wild monkshood,T,Aconitum noveboracense,Flowering Plant
North Carolina NFs,R8,Sensitive Joint-vetch,T,Aeschynomene virginica,Flowering Plant
Cleveland,R5,Munz's onion ,E,Allium munzii,Flowering Plant
Land Between the Lakes      ,R8,Price's Potatoe-bean,T,Apios priceana,Flowering Plant
Mississippi,R8,Price's Potatoe-bean,T,Apios priceana,Flowering Plant
Klamath,R5,McDonald's rock Cress,E,Arabis macdonaldiana,Flowering Plant
Six Rivers,R5,McDonald's rock Cress,E,Arabis macdonaldiana,Flowering Plant
Rogue River/Siskiyou National Forest,R6,McDonald's Rock-cress,E,Arabis mcdonaldiana,Flowering Plant
George Washington and Jefferson ,R8,Shale Barren Rock-cress,E,Arabis serotina,Flowering Plant
Monongahela,R9,Shale-barren rockcress,E,Arabis serotina,Flowering Plant
Shawnee,R9,Shale-barren rockcress,E,Arabis serotina,Flowering Plant
Olympic National Forest,R6,Marsh Sandwort,E,Arenaria paludicola,Flowering Plant
San Bernardino,R5,Marsh sandwort* ,E,Arenaria paludicola,Flowering Plant
San Bernardino,R5,Bear Valley sandwort ,T,Arenaria ursina,Flowering Plant
Lincoln,R3,Sacramento prickly poppy,E,Argemone pleiacantha spp. Pinnatisecta,Flowering Plant
Mark Twain,R9,Mead's milkweed,T,Asclepias meadii,Flowering Plant
Shawnee,R9,Mead's milkweed,T,Asclepias meadii,Flowering Plant
San Bernardino,R5,Cushenbury milk-vetch ,E,Astragalus albens,Flowering Plant
Klamath,R5,Applegate's Milk-vetch,E,Astragalus applegatei,Flowering Plant
Angeles,R5,Brauton's milk-vetch,E,Astragalus brauntonii,Flowering Plant
Cleveland,R5,Brauton's milk-vetch,E,Astragalus brauntonii,Flowering Plant
San Bernardino,R5,Brauton's milk-vetch,E,Astragalus brauntonii,Flowering Plant
San Bernardino,R5,Coachella Valley milk-vetch,E,Astragalus lentiginosus var. coachellae,Flowering Plant
Manti-LaSal,R4,Heliotrope milkvetch,T,Astragalus montii,Flowering Plant
Arapaho-Roosevelt NFs & Pawnee NG,R2,Osterhout's Milkvetch,E,Astragalus osterhoutii,Flowering Plant
Medicine Bow-Routt NFs & Thunder Basin National Grassland (NG),R2,Osterhout's Milkvetch,E,Astragalus osterhoutii,Flowering Plant
San Bernardino,R5,Triple-ribbed milk-vetch,T,Astragalus tricarinatus,Flowering Plant
Cleveland,R5,Encinitas baccharis ,T,Baccharis vanessae,Flowering Plant
Angeles,R5,Nevin's barberry ,E,Berberis nevinii,Flowering Plant
Cleveland,R5,Nevin's barberry ,E,Berberis nevinii,Flowering Plant
San Bernardino,R5,Nevin's barberry ,E,Berberis nevinii,Flowering Plant
George Washington and Jefferson ,R8,Virginia Round-leaf Birch,T,Betula uber,Flowering Plant
Florida NFs,R8,Florida Bonamia,T,Bonamia grandiflora,Flowering Plant
Angeles,R5,Thread-leaved brodiaea ,T,Brodiaea filifolia,Flowering Plant
Cleveland,R5,Thread-leaved brodiaea ,T,Brodiaea filifolia,Flowering Plant
San Bernardino,R5,Thread-leaved brodiaea ,T,Brodiaea filifolia,Flowering Plant
"El Yunque National Forest, PR",R8,Capa Rosa,E,Callicarpa ampla,Flowering Plant
Sierra,R5,Mariposa pussypaws,T,Calyptridium pulchellum,Flowering Plant
San Bernardino,R5,Ashgrey paintbrush ,T,Castilleja cinerea,Flowering Plant
Sequoia,R5,California jewelflower ,E,Caulanthus californicus,Flowering Plant
Cleveland,R5,Vail Lake ceanothus ,T,Ceanothus ophiochilus,Flowering Plant
Los Padres,R5,Camatta Canyon (Purple) amole ,T,Chlorogalum purpureum var. reductum,Flowering Plant
Los Padres,R5,La Graciosa thistle,T,Cirsium loncholepis,Flowering Plant
Hiawatha,R9,Dune thistle,T,Cirsium pitcheri,Flowering Plant
Huron Manistee,R9,Dune thistle,T,Cirsium pitcheri,Flowering Plant
Lincoln,R3,Sacramento Mts. Thistle,T,Cirsium vinaceum,Flowering Plant
Sequoia,R5,Springville clarkia,T,Clarkia springvillensis,Flowering Plant
Alabama NF,R8,Alabama leather flower,E,Clematis socialis,Flowering Plant
Florida NFs,R8,Pigeon wings,T,Clitoria fragrans,Flowering Plant
Florida NFs,R8,Apalachicola Rosemary,E,Conradina glabra,Flowering Plant
Daniel Boone,R8,Cumberland Rosemary,T,Conradina verticillata,Flowering Plant
Coronado,R3,Pima pineapple cactus,E,Coryphantha scheeri var. robustispina,Flowering Plant
Alabama NF,R8,Leafy prairie clover,E,Dalea foliosa,Flowering Plant
Midewin,R9,Leafy prairie-clover,E,Dalea foliosa,Flowering Plant
Angeles,R5,Slender-horned spineflower ,E,Dodecahema leptoceras,Flowering Plant
Cleveland,R5,Slender-horned spineflower ,E,Dodecahema leptoceras,Flowering Plant
San Bernardino,R5,Slender-horned spineflower ,E,Dodecahema leptoceras,Flowering Plant
Cleveland,R5,Santa Monica Mts dudleya ,T,Dudleya cymosa ssp. ovatifolia,Flowering Plant
Chattahoochee-Oconee,R8,Smooth Purple Coneflower,E,Echinacea laevigata,Flowering Plant
Francis Marion and Sumter,R8,Smooth Purple Coneflower,E,Echinacea laevigata,Flowering Plant
George Washington and Jefferson ,R8,Smooth Purple Coneflower,E,Echinacea laevigata,Flowering Plant
North Carolina NFs,R8,Smooth Purple Coneflower,E,Echinacea laevigata,Flowering Plant
Lincoln,R3,Kuenzler hedgehog cactus,E,Echinocereus fendleri var. kuenzleri,Flowering Plant
Tonto,R3,Arizona hedgehog cactus,E,Echinocereus triglochidiatus var. arizonicus,Flowering Plant
San Bernardino,R5,Santa Ana River woolystar* ,E,Eriastrum densifolium ssp. sanctorum,Flowering Plant
Fishlake,R4,Maguire daisy,T,Erigeron maguirei,Flowering Plant
San Bernardino,R5,Parish's daisy ,T,Erigeron parishii,Flowering Plant
Cibola,R3,Zuni fleabane,T,Erigeron rhizomatous,Flowering Plant
Los Padres,R5,Southern mountain buckwheat ,T,Eriogonum kennedyi var. austromontanum,Flowering Plant
San Bernardino,R5,Southern mountain buckwheat ,T,Eriogonum kennedyi var. austromontanum,Flowering Plant
Florida NFs,R8,Scrub Buckwheat,T,Eriogonum longifolium var. gnaphalifolium,Flowering Plant
San Bernardino,R5,Cushenbury buckwheat ,E,Eriogonum ovalifolium var. vineum,Flowering Plant
"El Yunque National Forest, PR",R8,Uvillo,E,Eugenia haematocarpa,Flowering Plant
"Pike-San Isabel NFs, Comanche or Cimarron NG",R2,Penlan's alpine fen mustard,T,Eutrema penlandii,Flowering Plant
White River NF,R2,Penlan's alpine fen mustard,T,Eutrema penlandii,Flowering Plant
Cleveland,R5,Mexican flannelbush,E,Fremontodendron mexicanum,Flowering Plant
Klamath,R5,Gentner Mission-bells,E,Fritillaria gentneri,Flowering Plant
Arapaho-Roosevelt NFs & Pawnee NG,R2,Colorado butterfly plant,T,Gaura neomexicana ssp. coloradensis ,Flowering Plant
Ozark/St. Francis National Forest ,R8,Geocarpon,T,Geocarpon minimum,Flowering Plant
Cherokee,R8,Spreading Avens,E,Geum radiatum,Flowering Plant
North Carolina NFs,R8,Spreading Avens,E,Geum radiatum,Flowering Plant
Okanogan/Wenatchee National Forest,R6,Showy Stickseed,E,Hackelia venusta,Flowering Plant
Florida NFs,R8,Harper's Beauty,E,Harperocallis flava,Flowering Plant
Lincoln,R3,Todsen’s pennyroyal,E,Hedeoma todsenii,Flowering Plant
George Washington and Jefferson ,R8,Virginia Sneezeweed,T,Helenium virginicum,Flowering Plant
North Carolina NFs,R8,Schweinitz's Sunflower,E,Helianthus schweinitzii,Flowering Plant
Chattahoochee-Oconee,R8,Swamp Pink,T,Helonias bullata,Flowering Plant
George Washington and Jefferson ,R8,Swamp Pink,T,Helonias bullata,Flowering Plant
North Carolina NFs,R8,Swamp Pink,T,Helonias bullata,Flowering Plant
North Carolina NFs,R8,Dwarf-flowered Heartleaf,T,Hexastylis naniflora,Flowering Plant
Cherokee,R8,Roan Mountain Bluet,E,Houstonia purpurea var. montana,Flowering Plant
North Carolina NFs,R8,Roan Mountain Bluet,E,Houstonia purpurea var. montana,Flowering Plant
Clearwater,R1,Water Howellia,T,Howellia aquatilis,Flowering Plant
Flathead,R1,Water Howellia,T,Howellia aquatilis,Flowering Plant
Idaho Panhandle,R1,Water Howellia,T,Howellia aquatilis,Flowering Plant
Kootenai,R1,Water Howellia,T,Howellia aquatilis,Flowering Plant
Lolo,R1,Water Howellia,T,Howellia aquatilis,Flowering Plant
NezPerce,R1,Water Howellia,T,Howellia aquatilis,Flowering Plant
Mendocino,R5,water howellia,T,Howellia aquatilis,Flowering Plant
Six Rivers,R5,water howellia,T,Howellia aquatilis,Flowering Plant
Columbia River Gorge National Scenic Area,R6,Water Howellia,T,Howellia aquatilis,Flowering Plant
Gifford Pinchot National Forest,R6,Water Howellia,T,Howellia aquatilis,Flowering Plant
Mt. Hood National Forest,R6,Water Howellia,T,Howellia aquatilis,Flowering Plant
Okanogan/Wenatchee National Forest,R6,Water Howellia,T,Howellia aquatilis,Flowering Plant
Wallowa-Whitman National Forest,R6,Water Howellia,T,Howellia aquatilis,Flowering Plant
North Carolina NFs,R8,Mountain Golden Heather,T,Hudsonia montana,Flowering Plant
Hiawatha,R9,Lakeside Daisy,T,Hymenoxys herbacea (=Tetraneuris herbacea ),Flowering Plant
"El Yunque National Forest, PR",R8,Cuero de Sapo,E,Ilex sintenisii,Flowering Plant
George Washington and Jefferson ,R8,Peter's Mountain-mallow,E,Iliamna corei,Flowering Plant
Santa Fe,R3,Holy ghost ipomopsis,E,Ipomopsis sancti-spiritus,Flowering Plant
Hiawatha,R9,Dwarf lake iris,T,Iris lacustris,Flowering Plant
Chattahoochee-Oconee,R8,Small Whorled Pogonia,T,Isotria medeoloides,Flowering Plant
Cherokee,R8,Small Whorled Pogonia,T,Isotria medeoloides,Flowering Plant
Francis Marion and Sumter,R8,Small Whorled Pogonia,T,Isotria medeoloides,Flowering Plant
George Washington and Jefferson ,R8,Small Whorled Pogonia,T,Isotria medeoloides,Flowering Plant
North Carolina NFs,R8,Small Whorled Pogonia,T,Isotria medeoloides,Flowering Plant
Mark Twain,R9,Small whorled pogonia,T,Isotria medeoloides,Flowering Plant
Monongahela,R9,Small whorled pogonia,T,Isotria medeoloides,Flowering Plant
Wayne,R9,Small whorled pogonia,T,Isotria medeoloides,Flowering Plant
White Mountain,R9,Small whorled pogonia,T,Isotria medeoloides,Flowering Plant
"El Yunque National Forest, PR",R8,Babyfoot Orchid,E,Lepanthes eltoroensis,Flowering Plant
San Bernardino,R5,San Bernardino Mts bladderpod,E,Lesquerella (Physaria) kingii ssp. bernardina,Flowering Plant
Ozark/St. Francis National Forest ,R8,Missouri Bladder-pod,E,Lesquerella filiformis,Flowering Plant
Alabama NF,R8,Lyrate bladderpod,T,Lesquerella lyrata,Flowering Plant
Texas National Forests & Grasslands,R8,White Bladderpod,E,Lesquerella pallida,Flowering Plant
North Carolina NFs,R8,Heller's Blazing Star,T,Liatris helleri,Flowering Plant
Coronado,R3,Huachuca water umbel,E,Lilaeopsis schaffneriana spp. recurva,Flowering Plant
Siuslaw,R6,Western Lily,E,Lilium occidentale,Flowering Plant
Francis Marion and Sumter,R8,Pondberry,E,Lindera melissifolia,Flowering Plant
Mississippi,R8,Pondberry,E,Lindera melissifolia,Flowering Plant
Rogue River/Siskiyou National Forest,R6,Cook's Lomatium,E,Lomatium cookii,Flowering Plant
Umpqua National Forest,R6,Kincaid's Lupine,T,Lupinus sulphureus kincaidii,Flowering Plant
North Carolina NFs,R8,Rough-leaf Loosestrife,E,Lysimachia asperulifolia,Flowering Plant
Florida NFs,R8,White Bird-in-a-nest,T,Macbridea alba,Flowering Plant
Alabama NF,R8,Mohr's Barbara's buttons,T,Marshallia mohrii,Flowering Plant
Daniel Boone,R8,Cumberland Sandwort,E,Minuartia cumberlandensis,Flowering Plant
NezPerce,R1,Macfarlane's Four-O'Clock,T,Mirabilis macfarlanei,Flowering Plant
Payette,R4,Macfarlane's Four-O'Clock,T,Mirabilis macfarlanei,Flowering Plant
Wallowa-Whitman National Forest,R6,Macfarlane's Four-O'Clock,T,Mirabilis macfarlanei,Flowering Plant
Sequoia,R5,San Joaquin woolythreads,E,Monolopia congdonii (Lembertia congdonii),Flowering Plant
San Bernardino,R5,Gambel's watercress,E,Nasturtium gambelii (Rorippa gambellii),Flowering Plant
Florida NFs,R8,Britton's beargrass,E,Nolina brittoniana,Flowering Plant
Sequoia,R5,Bakersfield cactus,E,Opuntia treleasei,Flowering Plant
Sequoia,R5,Bakersfield cactus,E,Opuntia treleasei,Flowering Plant
Lassen,R5,Slender Orcutt Grass,T,Orcuttia tenuis,Flowering Plant
Modoc,R5,Slender Orcutt Grass,T,Orcuttia tenuis,Flowering Plant
Plumas,R5,Slender Orcutt Grass,T,Orcuttia tenuis,Flowering Plant
Francis Marion and Sumter,R8,Canby's Dropwort,E,Oxypolis canbyi,Flowering Plant
San Bernardino,R5,Cushenbury Oxytheca,E,Oxytheca parishii var. goodmaniana,Flowering Plant
Chequamegon/Nicolet,R9,Fassett's locoweed,T,Oxytropis campestris v. chartacea,Flowering Plant
Fishlake,R4,San Rafael cactus,E,Pediocactus despainii,Flowering Plant
"Nebraska NF, Samuel R McKelvie NF & Oglala, Buffalo Gap, or Fort Pierre NGs",R2,Blowout penstemon,E,Penstemon haydenii,Flowering Plant
Manti-LaSal,R4,Clay phacelia,E,Phacelia argillacea,Flowering Plant
Uinta,R4,Clay phacelia,E,Phacelia argillacea,Flowering Plant
Klamath,R5,Yreka Phlox,E,Phlox hirsuta,Flowering Plant
Texas National Forests & Grasslands,R8,Texas Trailing Phlox,E,Phlox nivalis ssp. texensis,Flowering Plant
Hiawatha,R9,Hart's-tongue fern,T,Phyllitis (=Asplenium) scolopendrium var americanum,Flowering Plant
Florida NFs,R8,Godfrey's Butterwort,T,Pinguicula ionantha,Flowering Plant
Cherokee,R8,Ruth's Golden-aster,E,Pityopsis ruthii,Flowering Plant
Umpqua National Forest,R6,Rough Popcorn Flower,E,Plagiobothrys hirtus,Flowering Plant
Midewin,R9,Eastern prairie fringed orchid,T,Platanthera leucophaea,Flowering Plant
Dakota Prairie Grasslnds,R1,Western Prairie Fringed Orchid,T,Platanthera praeclara,Flowering Plant
"Nebraska NF, Samuel R McKelvie NF & Oglala, Buffalo Gap, or Fort Pierre NGs",R2,Western Prairie Fringed Orchid,T,Platanthera praeclara,Flowering Plant
"El Yunque National Forest, PR",R8,Chupacallos,E,Pleodendron macranthum,Flowering Plant
Cleveland,R5,San Bernardino bluegrass ,E,Poa atropurpurea,Flowering Plant
San Bernardino,R5,San Bernardino bluegrass ,E,Poa atropurpurea,Flowering Plant
Florida NFs,R8,Lewton's Polygala,E,Polygala lewtonii,Flowering Plant
Wasatch-Cache,R4,Maguire's primrose,T,Primula maguirei,Flowering Plant
Sequoia,R5,San Joaquin adobe sunburst,T,Pseudobahia peirsonii,Flowering Plant
Alabama NF,R8,Harperella,E,Ptilimnium nodosum,Flowering Plant
North Carolina NFs,R8,Harperella,E,Ptilimnium nodosum,Flowering Plant
Ouachita National Forest,R8,Harperella,E,Ptilimnium nodosum,Flowering Plant
Coconino,R3,Arizona cliffrose,E,Purshia subintegra,Flowering Plant
Tonto,R3,Arizona cliffrose,E,Purshia subintegra,Flowering Plant
Francis Marion and Sumter,R8,Miccosukee Gooseberry,T,Ribes echinellum,Flowering Plant
North Carolina NFs,R8,Bunched Arrowhead,E,Sagittaria fasciculata,Flowering Plant
Alabama NF,R8,Kral's Water Plantain,T,Sagittaria secundifolia,Flowering Plant
Alabama NF,R8,Green Pitcher Plant,E,Sarracenia oreophila,Flowering Plant
Chattahoochee-Oconee,R8,Green Pitcher Plant,E,Sarracenia oreophila,Flowering Plant
North Carolina NFs,R8,Green Pitcher Plant,E,Sarracenia oreophila,Flowering Plant
Alabama NF,R8,Alabama canebrake pitcherlant,E,Sarracenia rubra ssp. alabamensis,Flowering Plant
North Carolina NFs,R8,Mountain Sweet Pitcher Plant,E,Sarracenia rubra ssp. jonesii,Flowering Plant
Daniel Boone,R8,American Chaffseed,E,Schwalbea americana,Flowering Plant
Francis Marion and Sumter,R8,American Chaffseed,E,Schwalbea americana,Flowering Plant
North Carolina NFs,R8,American Chaffseed,E,Schwalbea americana,Flowering Plant
Texas National Forests & Grasslands,R8,American Chaffseed,E,Schwalbea americana,Flowering Plant
George Washington and Jefferson ,R8,Northeastern Bulrush,E,Scirpus ancistrochaetus,Flowering Plant
"Grand Mesa, Uncompahgre, and Gunnison NFs",R2,Uninta basin hookless cactus,T,Sclerocactus glaucus,Flowering Plant
Florida NFs,R8,Florida Skullcap,T,Scutellaria floridana,Flowering Plant
Chattahoochee-Oconee,R8,Large Flowered Skullcap,E,Scutellaria montana,Flowering Plant
Finger Lakes,R9,Leedy's roseroot,E,Sedum integrifolium ssp leedyi,Flowering Plant
Coconino,R3,San Francisco Peaks groundsel,T,Senecio franciscanus,Flowering Plant
Eldorado,R5,Layne's butterweed (=ragwort),T,Senecio layneae,Flowering Plant
Plumas,R5,Layne's butterweed (=ragwort),T,Senecio layneae,Flowering Plant
Sequoia,R5,Keck's checker-mallow (=checkerbloom),E,Sidalcea keckii,Flowering Plant
Sierra,R5,Keck's checker-mallow (=checkerbloom),E,Sidalcea keckii,Flowering Plant
Siuslaw,R6,Nelson's Checker-mallow,T,Sidalcea nelsoniana,Flowering Plant
Okanogan/Wenatchee National Forest,R6,Wenatchee Mts. Checker-mallow,E,Sidalcea oregana var. calva,Flowering Plant
San Bernardino,R5,Bird-foot checkerbloom ,E,Sidalcea pedata,Flowering Plant
Payette,R4,Spalding’s catchfly,T,Silene spaldingii,Flowering Plant
Clearwater,R1,Spalding's Catchfly,T,Silene spaldingii,Flowering Plant
Flathead,R1,Spalding's Catchfly,T,Silene spaldingii,Flowering Plant
Idaho Panhandle,R1,Spalding's Catchfly,T,Silene spaldingii,Flowering Plant
Kootenai,R1,Spalding's Catchfly,T,Silene spaldingii,Flowering Plant
Lolo,R1,Spalding's Catchfly,T,Silene spaldingii,Flowering Plant
NezPerce,R1,Spalding's Catchfly,T,Silene spaldingii,Flowering Plant
Umatilla National Forest,R6,Spalding's Catchfly,T,Silene spaldingii,Flowering Plant
Wallowa-Whitman National Forest,R6,Spalding's Catchfly,T,Silene spaldingii,Flowering Plant
North Carolina NFs,R8,White Irisette,E,Sisyrinchium dichotomum,Flowering Plant
Daniel Boone,R8,White-Haired Goldenrod,T,Solidago albopilosa,Flowering Plant
Hiawatha,R9,Houghton's goldenrod,T,Solidago houghtonii,Flowering Plant
Cherokee,R8,Blue Ridge Goldenrod,T,Solidago spithamaea,Flowering Plant
North Carolina NFs,R8,Blue Ridge Goldenrod,T,Solidago spithamaea,Flowering Plant
Cherokee,R8,Virginia Spiraea,T,Spiraea virginiana,Flowering Plant
Daniel Boone,R8,Virginia Spiraea,T,Spiraea virginiana,Flowering Plant
George Washington and Jefferson ,R8,Virginia Spiraea,T,Spiraea virginiana,Flowering Plant
North Carolina NFs,R8,Virginia Spiraea,T,Spiraea virginiana,Flowering Plant
Hoosier,R9,Virginia spirea,T,Spiraea virginiana,Flowering Plant
Wayne,R9,Virginia spirea,T,Spiraea virginiana,Flowering Plant
Coronado,R3,Canelo Hills Ladies'-tresses,E,Spiranthes delitescens,Flowering Plant
Clearwater,R1,Ute ladies'-tresses,T,Spiranthes diluvialis,Flowering Plant
Idaho Panhandle,R1,Ute ladies'-tresses,T,Spiranthes diluvialis,Flowering Plant
NezPerce,R1,Ute ladies'-tresses,T,Spiranthes diluvialis,Flowering Plant
Arapaho-Roosevelt NFs & Pawnee NG,R2,Ute ladies'-tresses,T,Spiranthes diluvialis,Flowering Plant
Medicine Bow-Routt NFs & Thunder Basin National Grassland (NG),R2,Ute ladies'-tresses,T,Spiranthes diluvialis,Flowering Plant
"Pike-San Isabel NFs, Comanche or Cimarron NG",R2,Ute ladies'-tresses,T,Spiranthes diluvialis,Flowering Plant
Ashley,R4,Ute ladies'-tresses,T,Spiranthes diluvialis,Flowering Plant
Boise,R4,Ute ladies'-tresses,T,Spiranthes diluvialis,Flowering Plant
Bridger-Teton,R4,Ute ladies'-tresses,T,Spiranthes diluvialis,Flowering Plant
Caribou,R4,Ute ladies'-tresses,T,Spiranthes diluvialis,Flowering Plant
Challis,R4,Ute ladies'-tresses,T,Spiranthes diluvialis,Flowering Plant
Dixie,R4,Ute ladies'-tresses,T,Spiranthes diluvialis,Flowering Plant
Fishlake,R4,Ute ladies'-tresses,T,Spiranthes diluvialis,Flowering Plant
Manti-LaSal,R4,Ute ladies'-tresses,T,Spiranthes diluvialis,Flowering Plant
Payette,R4,Ute ladies'-tresses,T,Spiranthes diluvialis,Flowering Plant
Salmon,R4,Ute ladies'-tresses,T,Spiranthes diluvialis,Flowering Plant
Sawtooth,R4,Ute ladies'-tresses,T,Spiranthes diluvialis,Flowering Plant
Targhee,R4,Ute ladies'-tresses,T,Spiranthes diluvialis,Flowering Plant
Uinta,R4,Ute ladies'-tresses,T,Spiranthes diluvialis,Flowering Plant
Wasatch-Cache,R4,Ute ladies'-tresses,T,Spiranthes diluvialis,Flowering Plant
Okanogan/Wenatchee National Forest,R6,Ute ladies'-tresses,T,Spiranthes diluvialus,Flowering Plant
Wallowa-Whitman National Forest,R6,Ute ladies'-tresses,T,Spiranthes diluvialus,Flowering Plant
Texas National Forests & Grasslands,R8,Navasota Ladies'-tresses,E,Spiranthes parksii,Flowering Plant
"El Yunque National Forest, PR",R8,Palo de Jazmin,E,Styrax portoricensis,Flowering Plant
San Bernardino,R5,California taraxacum ,E,Taraxacum californicum,Flowering Plant
"El Yunque National Forest, PR",R8,Palo Colorado,E,Ternstroemia luquillensis,Flowering Plant
"El Yunque National Forest, PR",R8,Unknown Common Name,E,Ternstroemia subsessilis,Flowering Plant
Wallowa-Whitman National Forest,R6,Howell's Spectacular Thelypody,T,Thelypodium howellii  spectabilis,Flowering Plant
San Bernardino,R5,Slender-petaled mustard,E,Thelypodium stenopetalum,Flowering Plant
Dixie,R4,Last chance townsendia,T,Townsendia aprica,Flowering Plant
Fishlake,R4,Last chance townsendia,T,Townsendia aprica,Flowering Plant
Daniel Boone,R8,Running Buffalo Clover,E,Trifolium stoloniferum,Flowering Plant
Mark Twain,R9,Running buffalo clover,E,Trifolium stoloniferum,Flowering Plant
Monongahela,R9,Running buffalo clover,E,Trifolium stoloniferum,Flowering Plant
Wayne,R9,Running buffalo clover,E,Trifolium stoloniferum,Flowering Plant
Chattahoochee-Oconee,R8,Persistent Trillium,E,Trillium persistens,Flowering Plant
Francis Marion and Sumter,R8,Persistent Trillium,E,Trillium persistens,Flowering Plant
Chattahoochee-Oconee,R8,Relict Trillium,E,Trillium reliquum,Flowering Plant
Francis Marion and Sumter,R8,Relict Trillium,E,Trillium reliquum,Flowering Plant
Lassen,R5,Greene's tuctoria (Orcutt grass),E,Tuctoria greenei,Flowering Plant
Alabama NF,R8,Tennessee Yellow-eyed Grass,E,Xyris tennesseensis,Flowering Plant
"Grand Mesa, Uncompahgre, and Gunnison NFs",R2,Uncompahgre fritillary,E,Boloria acrocnema,Insect
"Pike-San Isabel NFs, Comanche or Cimarron NG",R2,Uncompahgre fritillary,E,Boloria acrocnema,Insect
Rio Grande NF,R2,Uncompahgre fritillary,E,Boloria acrocnema,Insect
San Juan NF,R2,Uncompahgre fritillary,E,Boloria acrocnema,Insect
White River NF,R2,Uncompahgre fritillary,E,Boloria acrocnema,Insect
Eldorado,R5,Valley elderberry longhorn beetle,T,Desmocerus californicus dimorphus,Insect
Lassen,R5,Valley elderberry longhorn beetle,T,Desmocerus californicus dimorphus,Insect
Mendocino,R5,Valley elderberry longhorn beetle,T,Desmocerus californicus dimorphus,Insect
Plumas,R5,Valley elderberry longhorn beetle,T,Desmocerus californicus dimorphus,Insect
Sequoia,R5,Valley elderberry longhorn beetle,T,Desmocerus californicus dimorphus,Insect
Shasta-Trinity,R5,Valley elderberry longhorn beetle,T,Desmocerus californicus dimorphus,Insect
Sierra,R5,Valley elderberry longhorn beetle,T,Desmocerus californicus dimorphus,Insect
Stanislaus,R5,Valley elderberry longhorn beetle,T,Desmocerus californicus dimorphus,Insect
Tahoe,R5,Valley elderberry longhorn beetle,T,Desmocerus californicus dimorphus,Insect
Los Padres,R5,Smith’s blue butterfly ,E,Euphilotes enoptes smithi,Insect
Cleveland,R5,Quino checkerspot ,E,Euphydryas editha quino,Insect
San Bernardino,R5,Quino checkerspot ,E,Euphydryas editha quino,Insect
Los Padres,R5,Kern primrose sphinx moth,T,Euproserpinus euterpe,Insect
Sequoia,R5,Kern primrose sphinx moth,T,Euproserpinus euterpe,Insect
Rogue River/Siskiyou National Forest,R6,Genter's Fritillary,E,Fritillaria genteri,Insect
"Pike-San Isabel NFs, Comanche or Cimarron NG",R2,Pawnee montane skipper,T,Hesperia leonardus montana,Insect
Huron Manistee,R9,Karner blue butterfly,E,Lycaeides melissa samuelis,Insect
Alabama NF,R8,Mitchell's satyr,E,Neonympha mitchellii,Insect
Black Hills,R2,American burying beetle,E,Nicrophorus americanus,Insect
"Nebraska NF, Samuel R McKelvie NF & Oglala, Buffalo Gap, or Fort Pierre NGs",R2,American burying beetle,E,Nicrophorus americanus,Insect
North Carolina NFs,R8,American Burying Beetle,E,Nicrophorus americanus,Insect
Ouachita National Forest,R8,American Burying Beetle,E,Nicrophorus americanus,Insect
Ozark/St. Francis National Forest ,R8,American Burying Beetle,E,Nicrophorus americanus,Insect
Texas National Forests & Grasslands,R8,American Burying Beetle,E,Nicrophorus americanus,Insect
Allegheny,R9,American burying beetle,E,Nicrophorus americanus,Insect
Hoosier,R9,American burying beetle,E,Nicrophorus americanus,Insect
Huron Manistee,R9,American burying beetle,E,Nicrophorus americanus,Insect
Mark Twain,R9,American burying beetle,E,Nicrophorus americanus,Insect
Midewin,R9,American burying beetle,E,Nicrophorus americanus,Insect
Wayne,R9,American burying beetle,E,Nicrophorus americanus,Insect
Plumas,R5,Carson wandering skipper,E,Pseudocopaeodes eunus obscurus,Insect
Cleveland,R5,Laguna Mountains skipper ,E,Pyrgus ruralis lagunae,Insect
Hiawatha,R9,Hine's Emerald dragonfly,E,Somatochlora hineana,Insect
Mark Twain,R9,Hine's Emerald dragonfly,E,Somatochlora hineana,Insect
Siuslaw,R6,Oregon Silverspot Butterfly,T,Speyeria zerene hippolyta,Insect
Chattahoochee-Oconee,R8,Rock Gnome Lichen,E,Gymnoderma lineare,Lichen
Cherokee,R8,Rock Gnome Lichen,E,Gymnoderma lineare,Lichen
North Carolina NFs,R8,Rock Gnome Lichen,E,Gymnoderma lineare,Lichen
Gifford Pinchot National Forest,R6,Gray Wolf,E,Canis lupus,Mammal
Malheur National Forest,R6,Gray Wolf,E,Canis lupus,Mammal
Mount Baker-Snoqualmie National Forest,R6,Gray Wolf,E,Canis lupus,Mammal
Okanogan/Wenatchee National Forest,R6,Gray Wolf,E,Canis lupus,Mammal
Umatilla National Forest,R6,Gray Wolf,E,Canis lupus,Mammal
Allegheny,R9,Gray wolf,E,Canis lupus,Mammal
Finger Lakes,R9,Gray wolf,E,Canis lupus,Mammal
Green Mountain,R9,Gray wolf,E,Canis lupus,Mammal
Hiawatha,R9,Gray wolf,E,Canis lupus,Mammal
Hoosier,R9,Gray wolf,E,Canis lupus,Mammal
Monongahela,R9,Gray wolf,E,Canis lupus,Mammal
Wayne,R9,Gray wolf,E,Canis lupus,Mammal
White Mountain,R9,Gray wolf,E,Canis lupus,Mammal
Ozark/St. Francis National Forest ,R8,Ozark Big-eared Bat,E,Corynorhinus townsendii ingens,Mammal
Daniel Boone,R8,Virginia Big-eared Bat,E,Corynorhinus townsendii virginianus,Mammal
George Washington and Jefferson ,R8,Virginia Big-eared Bat,E,Corynorhinus townsendii virginianus,Mammal
North Carolina NFs,R8,Virginia Big-eared Bat,E,Corynorhinus townsendii virginianus,Mammal
Monongahela,R9,Virginia big-eared bat,E,Corynorhinus townsendii virginianus,Mammal
Dixie,R4,Utah prairie dog,T,Cynomys parvidens,Mammal
Fishlake,R4,Utah prairie dog,T,Cynomys parvidens,Mammal
Los Padres,R5,Giant kangaroo rat ,E,Dipodomys ingens,Mammal
San Bernardino,R5,San Bernardino kangaroo rat ,E,Dipodomys merriami parvus,Mammal
Sierra,R5,Fresno kangaroo rat,E,Dipodomys nitratoides exilis,Mammal
Sequoia,R5,Tipton kangaroo rat,E,Dipodomys nitratoides nitratoides,Mammal
Cleveland,R5,Stephen’s kangaroo rat ,E,Dipodomys stephensi,Mammal
Los Padres,R5,Southern sea otter ,T,Enhydra lutris nereis,Mammal
Los Padres,R5,Stellar’s sea lion ,T,Eumetopias jubatus,Mammal
Cherokee,R8,Carolina Northern Flying Squirrel,E,Glaucomys sabrinus coloratus,Mammal
George Washington and Jefferson ,R8,Carolina Northern Flying Squirrel,E,Glaucomys sabrinus coloratus,Mammal
North Carolina NFs,R8,Carolina Northern Flying Squirrel,E,Glaucomys sabrinus coloratus,Mammal
George Washington and Jefferson ,R8,Virginia Northern Flying Squirrel,E,Glaucomys sabrinus fuscus,Mammal
Monongahela,R9,West Virginia northern flying squirrel,E,Glaucomys sabrinus fuscus,Mammal
Apache-Sitgreaves,R3,Lesser long-nosed bat,E,Leptonycteris curasoae yerbabuenae,Mammal
Coronado,R3,Lesser long-nosed bat,E,Leptonycteris curasoae yerbabuenae,Mammal
Gila,R3,Lesser long-nosed bat,E,Leptonycteris curasoae yerbabuenae,Mammal
Apache-Sitgreaves,R3,Mexican long-nosed bat,E,Leptonycteris nivalis,Mammal
Coronado,R3,Mexican long-nosed bat,E,Leptonycteris nivalis,Mammal
Beaverhead-Deerlodge,R1,Canada lynx,T,Lynx canadensis,Mammal
Bitterroot,R1,Canada lynx,T,Lynx canadensis,Mammal
Clearwater,R1,Canada lynx,T,Lynx canadensis,Mammal
Custer,R1,Canada lynx,T,Lynx canadensis,Mammal
Flathead,R1,Canada lynx,T,Lynx canadensis,Mammal
Gallatin,R1,Canada lynx,T,Lynx canadensis,Mammal
Helena,R1,Canada lynx,T,Lynx canadensis,Mammal
Idaho Panhandle,R1,Canada lynx,T,Lynx canadensis,Mammal
Kootenai,R1,Canada lynx,T,Lynx canadensis,Mammal
Lewis-Clark,R1,Canada lynx,T,Lynx canadensis,Mammal
Lolo,R1,Canada lynx,T,Lynx canadensis,Mammal
NezPerce,R1,Canada lynx,T,Lynx canadensis,Mammal
Arapaho-Roosevelt NFs & Pawnee NG,R2,Canada lynx,T,Lynx canadensis,Mammal
Bighorn,R2,Canada lynx,T,Lynx canadensis,Mammal
"Grand Mesa, Uncompahgre, and Gunnison NFs",R2,Canada lynx,T,Lynx canadensis,Mammal
Medicine Bow-Routt NFs & Thunder Basin National Grassland (NG),R2,Canada lynx,T,Lynx canadensis,Mammal
"Pike-San Isabel NFs, Comanche or Cimarron NG",R2,Canada lynx,T,Lynx canadensis,Mammal
Rio Grande NF,R2,Canada lynx,T,Lynx canadensis,Mammal
San Juan NF,R2,Canada lynx,T,Lynx canadensis,Mammal
Shoshone NF,R2,Canada lynx,T,Lynx canadensis,Mammal
White River NF,R2,Canada lynx,T,Lynx canadensis,Mammal
Ashley,R4,Canada lynx,T,Lynx canadensis,Mammal
Boise,R4,Canada lynx,T,Lynx canadensis,Mammal
Bridger-Teton,R4,Canada lynx,T,Lynx canadensis,Mammal
Caribou,R4,Canada lynx,T,Lynx canadensis,Mammal
Challis,R4,Canada lynx,T,Lynx canadensis,Mammal
Payette,R4,Canada lynx,T,Lynx canadensis,Mammal
Salmon,R4,Canada lynx,T,Lynx canadensis,Mammal
Sawtooth,R4,Canada lynx,T,Lynx canadensis,Mammal
Targhee,R4,Canada lynx,T,Lynx canadensis,Mammal
Uinta,R4,Canada lynx,T,Lynx canadensis,Mammal
Wasatch-Cache,R4,Canada lynx,T,Lynx canadensis,Mammal
Colville National Forest,R6,Canada lynx,T,Lynx canadensis,Mammal
Malheur National Forest,R6,Canada lynx,T,Lynx canadensis,Mammal
Okanogan/Wenatchee National Forest,R6,Canada lynx,T,Lynx canadensis,Mammal
Umatilla National Forest,R6,Canada lynx,T,Lynx canadensis,Mammal
Wallowa-Whitman National Forest,R6,Canada lynx,T,Lynx canadensis,Mammal
Allegheny,R9,Canada lynx,T,Lynx canadensis,Mammal
Chequamegon/Nicolet,R9,Canada lynx,T,Lynx canadensis,Mammal
Chippewa,R9,Canada lynx,T,Lynx canadensis,Mammal
Finger Lakes,R9,Canada lynx,T,Lynx canadensis,Mammal
Green Mountain,R9,Canada lynx,T,Lynx canadensis,Mammal
Hiawatha,R9,Canada lynx,T,Lynx canadensis,Mammal
Ottawa,R9,Canada lynx,T,Lynx canadensis,Mammal
Superior,R9,Canada lynx,T,Lynx canadensis,Mammal
White Mountain,R9,Canada lynx,T,Lynx canadensis,Mammal
Dakota Prairie Grasslnds,R1,Black-footed ferret,E,Mustela nigripes,Mammal
Medicine Bow-Routt NFs & Thunder Basin National Grassland (NG),R2,Black-footed ferret,E,Mustela nigripes,Mammal
"Nebraska NF, Samuel R McKelvie NF & Oglala, Buffalo Gap, or Fort Pierre NGs",R2,Black-footed ferret,E,Mustela nigripes,Mammal
Bridger-Teton,R4,Black-footed ferret,E,Mustela nigripes,Mammal
Wasatch-Cache,R4,Black-footed ferret,E,Mustela nigripes,Mammal
Alabama NF,R8,Gray Bat,E,Myotis grisescens,Mammal
Chattahoochee-Oconee,R8,Gray Bat,E,Myotis grisescens,Mammal
Cherokee,R8,Gray Bat,E,Myotis grisescens,Mammal
Daniel Boone,R8,Gray Bat,E,Myotis grisescens,Mammal
Florida NFs,R8,Gray Bat,E,Myotis grisescens,Mammal
George Washington and Jefferson ,R8,Gray Bat,E,Myotis grisescens,Mammal
Land Between the Lakes      ,R8,Gray Bat,E,Myotis grisescens,Mammal
North Carolina NFs,R8,Gray Bat,E,Myotis grisescens,Mammal
Ozark/St. Francis National Forest ,R8,Gray Bat,E,Myotis grisescens,Mammal
Hoosier,R9,Gray bat,E,Myotis grisescens,Mammal
Mark Twain,R9,Gray bat,E,Myotis grisescens,Mammal
Shawnee,R9,Gray bat,E,Myotis grisescens,Mammal
Alabama NF,R8,Indiana Bat,E,Myotis sodalis,Mammal
Chattahoochee-Oconee,R8,Indiana Bat,E,Myotis sodalis,Mammal
Cherokee,R8,Indiana Bat,E,Myotis sodalis,Mammal
Daniel Boone,R8,Indiana Bat,E,Myotis sodalis,Mammal
George Washington and Jefferson ,R8,Indiana Bat,E,Myotis sodalis,Mammal
Land Between the Lakes      ,R8,Indiana Bat,E,Myotis sodalis,Mammal
North Carolina NFs,R8,Indiana Bat,E,Myotis sodalis,Mammal
Ouachita National Forest,R8,Indiana Bat,E,Myotis sodalis,Mammal
Ozark/St. Francis National Forest ,R8,Indiana Bat,E,Myotis sodalis,Mammal
Allegheny,R9,Indiana bat,E,Myotis sodalis,Mammal
Green Mountain,R9,Indiana bat,E,Myotis sodalis,Mammal
Hoosier,R9,Indiana bat,E,Myotis sodalis,Mammal
Huron Manistee,R9,Indiana bat,E,Myotis sodalis,Mammal
Mark Twain,R9,Indiana bat,E,Myotis sodalis,Mammal
Monongahela,R9,Indiana bat,E,Myotis sodalis,Mammal
Shawnee,R9,Indiana bat,E,Myotis sodalis,Mammal
Wayne,R9,Indiana bat,E,Myotis sodalis,Mammal
White Mountain,R9,Indiana bat,E,Myotis sodalis,Mammal
Inyo,R5,S. Nevada (CA) bighorn sheep,E,Ovis canadensis (californiana) sierrae,Mammal
Sequoia,R5,S. Nevada (CA) bighorn sheep,E,Ovis canadensis (californiana) sierrae,Mammal
Sierra,R5,S. Nevada (CA) bighorn sheep,E,Ovis canadensis (californiana) sierrae,Mammal
San Bernardino,R5,Peninsular bighorn sheep ,E,Ovis canadensis cremnobates,Mammal
Coronado,R3,Jaguar,E,Panthera onca,Mammal
Florida NFs,R8,Florida Panther,E,Puma concolor coryi,Mammal
North Carolina NFs,R8,Eastern Cougar,E,Puma concolor couguar,Mammal
Idaho Panhandle,R1,Woodland Caribou,E,Rangifer tarandus caribou,Mammal
Colville National Forest,R6,Woodland Caribou ,E,Rangifer tarandus caribou,Mammal
Payette,R4,N. Idaho ground squirrel,T,Spermophilus brunneus,Mammal
Apache-Sitgreaves,R3,Mt. Graham red squirrel,E,Tamisciurus hudsonicus grahamensis,Mammal
Coronado,R3,Mt. Graham red squirrel,E,Tamisciurus hudsonicus grahamensis,Mammal
Florida NFs,R8,Florida Manatee,E,Trichechus manatus,Mammal
Francis Marion and Sumter,R8,Florida Manatee,E,Trichechus manatus,Mammal
Kisatchie National Forest,R8,Louisiana Black Bear,T,Ursus americanus luteolus,Mammal
Mississippi,R8,Louisiana Black Bear,T,Ursus americanus luteolus,Mammal
Texas National Forests & Grasslands,R8,Louisiana Black Bear,T,Ursus americanus luteolus,Mammal
Beaverhead-Deerlodge,R1,Grizzly bear,T,Ursus arctos,Mammal
Bitterroot,R1,Grizzly bear,T,Ursus arctos,Mammal
Clearwater,R1,Grizzly bear,T,Ursus arctos,Mammal
Custer,R1,Grizzly bear,T,Ursus arctos,Mammal
Flathead,R1,Grizzly bear,T,Ursus arctos,Mammal
Gallatin,R1,Grizzly bear,T,Ursus arctos,Mammal
Helena,R1,Grizzly bear,T,Ursus arctos,Mammal
Idaho Panhandle,R1,Grizzly bear,T,Ursus arctos,Mammal
Kootenai,R1,Grizzly bear,T,Ursus arctos,Mammal
Lewis-Clark,R1,Grizzly bear,T,Ursus arctos,Mammal
Lolo,R1,Grizzly bear,T,Ursus arctos,Mammal
NezPerce,R1,Grizzly bear,T,Ursus arctos,Mammal
Colville National Forest,R6,Grizzly bear,T,Ursus arctos,Mammal
Gifford Pinchot National Forest,R6,Grizzly bear,T,Ursus arctos,Mammal
Mount Baker-Snoqualmie National Forest,R6,Grizzly bear,T,Ursus arctos,Mammal
Okanogan/Wenatchee National Forest,R6,Grizzly bear,T,Ursus arctos,Mammal
Salmon,R4,Grizzly bear,T,Ursus arctos,Mammal
Targhee,R4,Grizzly bear,T,Ursus arctos,Mammal
Los Padres,R5,San Joaquin kit fox,E,Vulpes macrotis mutica,Mammal
Sequoia,R5,San Joaquin kit fox,E,Vulpes macrotis mutica,Mammal
Arapaho-Roosevelt NFs & Pawnee NG,R2,Preble’s mead. jumping mouse,T,Zapus hudsonius preblei,Mammal
Medicine Bow-Routt NFs & Thunder Basin National Grassland (NG),R2,Preble’s mead. jumping mouse,T,Zapus hudsonius preblei,Mammal
"Pike-San Isabel NFs, Comanche or Cimarron NG",R2,Preble’s mead. jumping mouse,T,Zapus hudsonius preblei,Mammal
Daniel Boone,R8,Cumberland Elktoe,T,Alasmidonta atropurpurea,Mollusc
North Carolina NFs,R8,Dwarf Wedge Mussel,E,Alasmidonta heterodon,Mollusc
Cherokee,R8,Appalachian Elktoe,E,Alasmidonta raveneliana,Mollusc
Florida NFs,R8,Fat Three-Ridge Mussel,E,Amblema neislerii,Mollusc
Mark Twain,R9,Tumbling Creek Cavesnail,E,Antrobia culveri,Mollusc
Ouachita National Forest,R8,Ouachita Rock Pocketbook,E,Arkansia wheeleri,Mollusc
Texas National Forests & Grasslands,R8,Ouachita Rock Pocketbook,E,Arkansia wheeleri,Mollusc
Daniel Boone,R8,Fanshell,E,Cyprogenia stegaria,Mollusc
George Washington and Jefferson ,R8,Fanshell,E,Cyprogenia stegaria,Mollusc
Hoosier,R9,Fanshell,E,Cyprogenia stegaria,Mollusc
Wayne,R9,Fanshell,E,Cyprogenia stegaria,Mollusc
Daniel Boone,R8,Dromedary Pearlymussel,E,Dromus dromas,Mollusc
George Washington and Jefferson ,R8,Dromedary Pearlymussel,E,Dromus dromas,Mollusc
Florida NFs,R8,Purple Bankclimber Mussel,T,Elliptoideus sloatianus,Mollusc
Alabama NF,R8,Cumberlandian Combshell,E,Epioblasma brevidens,Mollusc
Daniel Boone,R8,Cumberlandian Combshell,E,Epioblasma brevidens,Mollusc
George Washington and Jefferson ,R8,Cumberlandian Combshell,E,Epioblasma brevidens,Mollusc
Daniel Boone,R8,Oyster Mussel,E,Epioblasma capsaeformis,Mollusc
George Washington and Jefferson ,R8,Oyster Mussel,E,Epioblasma capsaeformis,Mollusc
Midewin,R9,Curtis' pearly mussel,E,Epioblasma florentina curtisi,Mollusc
Daniel Boone,R8,Yellow-Blossom Pearlymussel,E,Epioblasma florentina florentina,Mollusc
Cherokee,R8,Tan Riffleshell,E,Epioblasma florentina walkeri,Mollusc
Daniel Boone,R8,Tan Riffleshell,E,Epioblasma florentina walkeri,Mollusc
George Washington and Jefferson ,R8,Tan Riffleshell,E,Epioblasma florentina walkeri,Mollusc
Alabama NF,R8,Upland Combshell,E,Epioblasma metastriata,Mollusc
Chattahoochee-Oconee,R8,Upland Combshell,E,Epioblasma metastriata,Mollusc
Daniel Boone,R8,Purple Cat's Paw Pearlymussel,E,Epioblasma obliquata obliquata,Mollusc
Alabama NF,R8,Southern Acornshell,E,Epioblasma othcaloogensis,Mollusc
George Washington and Jefferson ,R8,Green-blossom Pearlymussel,E,Epioblasma torulosa gubernaculum,Mollusc
Daniel Boone,R8,Northern Riffleshell,E,Epioblasma torulosa rangiana,Mollusc
Allegheny,R9,Northern riffleshell,E,Epioblasma torulosa rangiana,Mollusc
Daniel Boone,R8,Tubercled-blossom Pearlymussel,E,Epioblasma torulosa torulosa,Mollusc
Alabama NF,R8,Turgid blossom Pearlymussel,E,Epioblasma turgidula,Mollusc
George Washington and Jefferson ,R8,Shiny Pigtoe,E,Fusconaia cor,Mollusc
George Washington and Jefferson ,R8,Fine-rayed pigtoe,E,Fusconaia cuneolus,Mollusc
Florida NFs,R8,Shinyrayed pocketbook,E,Hamiota subangulata,Mollusc
Daniel Boone,R8,Cracking Pearlymussel,E,Hemistena lata,Mollusc
George Washington and Jefferson ,R8,Cracking Pearlymussel,E,Hemistena lata,Mollusc
Midewin,R9,Pink mucket,E,Lampsilis abrupta,Mollusc
Wayne,R9,Pink mucket,E,Lampsilis abrupta,Mollusc
Alabama NF,R8,Pink Mucket Pearlymussel,E,Lampsilis abrupta,Mollusc
Daniel Boone,R8,Pink Mucket Pearlymussel,E,Lampsilis abrupta,Mollusc
George Washington and Jefferson ,R8,Pink Mucket Pearlymussel,E,Lampsilis abrupta,Mollusc
Ozark/St. Francis National Forest ,R8,Pink Mucket Pearlymussel,E,Lampsilis abrupta,Mollusc
Alabama NF,R8,Fine-lined Pocketbook,T,Lampsilis altilis,Mollusc
Chattahoochee-Oconee,R8,Fine-lined Pocketbook,T,Lampsilis altilis,Mollusc
Cherokee,R8,Fine-lined Pocketbook,T,Lampsilis altilis,Mollusc
Alabama NF,R8,Orange-Nacre Mucket,T,Lampsilis perovalis,Mollusc
Ouachita National Forest,R8,Arkansas Fatmucket,T,Lampsilis powellii,Mollusc
Florida NFs,R8,Shinyrayed pocketbook,E,Lampsilis subangulata,Mollusc
Francis Marion and Sumter,R8,Carolina Heel Splitter,E,Lasmigona decorata,Mollusc
George Washington and Jefferson ,R8,Birdwing Pearlymussel,E,Lemiox rimosus,Mollusc
Ouachita National Forest,R8,Scaleshell Mussel,E,Leptodea leptodon,Mollusc
Ozark/St. Francis National Forest ,R8,Scaleshell Mussel,E,Leptodea leptodon,Mollusc
Kisatchie National Forest,R8,Louisiana Pearlshell Mussel,T,Margaritifera hembeli,Mollusc
Alabama NF,R8,Alabama Moccasinshell,T,Medionidus acutissimus,Mollusc
Chattahoochee-Oconee,R8,Alabama Moccasinshell,T,Medionidus acutissimus,Mollusc
Alabama NF,R8,Coosa Moccasinshell,E,Medionidus parvulus,Mollusc
Chattahoochee-Oconee,R8,Coosa Moccasinshell,E,Medionidus parvulus,Mollusc
Florida NFs,R8,Ochlockonee Moccasinshell,E,Medionidus simpsonianus,Mollusc
Hoosier,R9,Ring pink,E,Obovaria retusa,Mollusc
Daniel Boone,R8,Ring Pink Mussel,E,Obovaria retusa,Mollusc
Daniel Boone,R8,Little-wing Pearlymussel,E,Pegias fabula,Mollusc
George Washington and Jefferson ,R8,Little-wing Pearlymussel,E,Pegias fabula,Mollusc
North Carolina NFs,R8,Little-wing Pearlymussel,E,Pegias fabula,Mollusc
Daniel Boone,R8,Clubshell,E,Pleurobema clava,Mollusc
Allegheny,R9,Clubshell,E,Pleurobema clava,Mollusc
George Washington and Jefferson ,R8,James Spinymussel,E,Pleurobema collina,Mollusc
Alabama NF,R8,Southern Clubshell,E,Pleurobema decisum,Mollusc
Chattahoochee-Oconee,R8,Southern Clubshell,E,Pleurobema decisum,Mollusc
Mississippi,R8,Southern Clubshell,E,Pleurobema decisum,Mollusc
Alabama NF,R8,Dark Pigtoe,E,Pleurobema furvum,Mollusc
Alabama NF,R8,Southern Pigtoe Mussel,E,Pleurobema georgianum,Mollusc
Chattahoochee-Oconee,R8,Southern Pigtoe Mussel,E,Pleurobema georgianum,Mollusc
Cherokee,R8,Southern Pigtoe Mussel,E,Pleurobema georgianum,Mollusc
Alabama NF,R8,Ovate clubshell,E,Pleurobema perovatum,Mollusc
Chattahoochee-Oconee,R8,Ovate clubshell,E,Pleurobema perovatum,Mollusc
Alabama NF,R8,Rough Pigtoe,E,Pleurobema plenum,Mollusc
Daniel Boone,R8,Rough Pigtoe,E,Pleurobema plenum,Mollusc
George Washington and Jefferson ,R8,Rough Pigtoe,E,Pleurobema plenum,Mollusc
Florida NFs,R8,Oval pigtoe,E,Pleurobema pyriforme,Mollusc
Alabama NF,R8,Heavy pigtoe,E,Pleurobema taitianum,Mollusc
Ozark/St. Francis National Forest ,R8,Fat Pocketbook,E,Potamilus capax,Mollusc
Alabama NF,R8,Inflated heelsplitter,E,Potamilus inflatus,Mollusc
Alabama NF,R8,Triangular Kidneyshell,E,Ptychobranchus greenii,Mollusc
Chattahoochee-Oconee,R8,Triangular Kidneyshell,E,Ptychobranchus greenii,Mollusc
George Washington and Jefferson ,R8,Rough Rabbitsfoot,E,Quadrula cylindrica strigillata,Mollusc
George Washington and Jefferson ,R8,Cumberland Monkeyface,E,Quadrula intermedia,Mollusc
George Washington and Jefferson ,R8,Appalachian Monkeyface,E,Quadrula sparsa,Mollusc
George Washington and Jefferson ,R8,Purple Bean Mussel,E,Villosa perpurpurea,Mollusc
Cherokee,R8,Cumberland Bean Pearlymussel,E,Villosa trabalis,Mollusc
Daniel Boone,R8,Cumberland Bean Pearlymussel,E,Villosa trabalis,Mollusc
George Washington and Jefferson ,R8,Cumberland Bean Pearlymussel,E,Villosa trabalis,Mollusc
Apache-Sitgreaves,R3,NM ridgenose rattlesnake,T,Crotalus willardi obscurus,Reptile
Coronado,R3,NM ridgenose rattlesnake,T,Crotalus willardi obscurus,Reptile
Alabama NF,R8,Eastern Indigo Snake,T,Drymarchon corais couperi,Reptile
Florida NFs,R8,Eastern Indigo Snake,T,Drymarchon corais couperi,Reptile
Mississippi,R8,Eastern Indigo Snake,T,Drymarchon corais couperi,Reptile
"El Yunque National Forest, PR",R8,Puerto Rican Boa,E,Epicrates inornatus,Reptile
Los Padres,R5,Blunt-nosed leopard lizard ,E,Gambelia (=Crotaphytus) sila,Reptile
Angeles,R5,Desert tortoise ,T,Gopherus agassizi,Reptile
San Bernardino,R5,Desert tortoise ,T,Gopherus agassizi,Reptile
Dixie,R4,Desert tortoise ,T,Gopherus agassizii,Reptile
Toiyabe,R4,Desert tortoise ,T,Gopherus agassizii,Reptile
Mississippi,R8,Gopher Tortoise,T,Gopherus polyphemus,Reptile
Florida NFs,R8,Sand Skink,T,Neoseps reynoldsi,Reptile
Alabama NF,R8,Flattened Musk Turtle,T,Sternotherus depressus,Reptile
Alabama NF,R8,Lacey elimia,T,Elimia crenatella,Snail
Ozark/St. Francis National Forest ,R8,Magazine Mountain Shagreen,T,Inflectarius magazinensis,Snail
Alabama NF,R8,Round rocksnail,T,Leptoxis ampla,Snail
Alabama NF,R8,Painted rocksnail,T,Leptoxis taeniata,Snail
Alabama NF,R8,Flat pebblesnail,E,Lepyrium showalteri,Snail
Alabama NF,R8,Cylindrical lioplax,E,Lioplax cyclostomataformis,Snail
North Carolina NFs,R8,Noonday Globe,T,Patera clarki nantahala,Snail
Cibola,R3,Alamosa springsnail,E,Tryonia alamosae,Snail
Gila,R3,Alamosa springsnail,E,Tryonia alamosae,Snail
Alabama NF,R8,Tulotoma Snail,E,Tulotoma magnifica,Snail
,,,,,
,,,,,
,,,,,
,,,,,
,,,,,
,,,,,
,,,,,
,,,,,
,,,,,
,,,,,
,,,,,
,,,,,
,,,,,
,,,,,
,,,,,
,,,,,
,,,,,
,,,,,
,,,,,
,,,,,
,,,,,
,,,,,
,,,,,
,,,,,
,,,,,
,,,,,
,,,,,
,,,,,
,,,,,
,,,,,
,,,,,
,,,,,
,,,,,
,,,,,
,,,,,
,,,,,
,,,,,
,,,,,
,,,,,
,,,,,
,,,,,
,,,,,
,,,,,
,,,,,
,,,,,
,,,,,
,,,,,
,,,,,
,,,,,
,,,,,
,,,,,
,,,,,
,,,,,
,,,,,
,,,,,
,,,,,
,,,,,
,,,,,
,,,,,
,,,,,
,,,,,
,,,,,
,,,,,
,,,,,
,,,,,
,,,,,
,,,,,
,,,,,
,,,,,
,,,,,
,,,,,
,,,,,
,,,,,
,,,,,
,,,,,
,,,,,
,,,,,
,,,,,
,,,,,
,,,,,
,,,,,
,,,,,
,,,,,
,,,,,
,,,,,
,,,,,
,,,,,
,,,,,
,,,,,
,,,,,
,,,,,
,,,,,
,,,,,
,,,,,
,,,,,
,,,,,
,,,,,
,,,,,
,,,,,
,,,,,
,,,,,
,,,,,
,,,,,
,,,,,
,,,,,
,,,,,
,,,,,
,,,,,
,,,,,
,,,,,
,,,,,
,,,,,
,,,,,
,,,,,
,,,,,
,,,,,
,,,,,
,,,,,
,,,,,
,,,,,
,,,,,
,,,,,
,,,,,
,,,,,
,,,,,
,,,,,
,,,,,
,,,,,
,,,,,
,,,,,
,,,,,
,,,,,
,,,,,
,,,,,
,,,,,
,,,,,
,,,,,
,,,,,
,,,,,
,,,,,
,,,,,
,,,,,
,,,,,
,,,,,
,,,,,
,,,,,
,,,,,
,,,,,
,,,,,
,,,,,
,,,,,
,,,,,
,,,,,
,,,,,
,,,,,
,,,,,
,,,,,
,,,,,
,,,,,
,,,,,
,,,,,
,,,,,
,,,,,
,,,,,
,,,,,
,,,,,
,,,,,
,,,,,
,,,,,
,,,,,
,,,,,
,,,,,
,,,,,
,,,,,
,,,,,
,,,,,
,,,,,
,,,,,
,,,,,
,,,,,
,,,,,
,,,,,
,,,,,
,,,,,
,,,,,
,,,,,
,,,,,
,,,,,
,,,,,
,,,,,
,,,,,
,,,,,
,,,,,
,,,,,
,,,,,
,,,,,
,,,,,
,,,,,
,,,,,
,,,,,
,,,,,
,,,,,
,,,,,
,,,,,
,,,,,
,,,,,
,,,,,
,,,,,
,,,,,
,,,,,
,,,,,
,,,,,
,,,,,
,,,,,
,,,,,
,,,,,
,,,,,
,,,,,
,,,,,
,,,,,
,,,,,
,,,,,
,,,,,
,,,,,
,,,,,
,,,,,
,,,,,
,,,,,
,,,,,
,,,,,
,,,,,
,,,,,
,,,,,
,,,,,
,,,,,
,,,,,
,,,,,
,,,,,
,,,,,
,,,,,
,,,,,
,,,,,
,,,,,
,,,,,
,,,,,
,,,,,
,,,,,
,,,,,
,,,,,
,,,,,
,,,,,
,,,,,
,,,,,
,,,,,
,,,,,
,,,,,
,,,,,
,,,,,
,,,,,
,,,,,
,,,,,
,,,,,
,,,,,
,,,,,
,,,,,
,,,,,
,,,,,
,,,,,
,,,,,
,,,,,
,,,,,
,,,,,
,,,,,
,,,,,
,,,,,
,,,,,
,,,,,
,,,,,
,,,,,
,,,,,
,,,,,
,,,,,
,,,,,
,,,,,
,,,,,
,,,,,
,,,,,
,,,,,
,,,,,
,,,,,
,,,,,
,,,,,
,,,,,
,,,,,
,,,,,
,,,,,
,,,,,
,,,,,
,,,,,
,,,,,
,,,,,
,,,,,
,,,,,
,,,,,
,,,,,
,,,,,
,,,,,
,,,,,
,,,,,
,,,,,
,,,,,
,,,,,
,,,,,
,,,,,
,,,,,
,,,,,
,,,,,
,,,,,
,,,,,
,,,,,
,,,,,
,,,,,
,,,,,
,,,,,
,,,,,
,,,,,
,,,,,
,,,,,
,,,,,
,,,,,
,,,,,
,,,,,
,,,,,
,,,,,
,,,,,
,,,,,
,,,,,
,,,,,
,,,,,
,,,,,
,,,,,
,,,,,
,,,,,
,,,,,
,,,,,
,,,,,
,,,,,
,,,,,
,,,,,
,,,,,
,,,,,
,,,,,
,,,,,
,,,,,
,,,,,
,,,,,
,,,,,
,,,,,
,,,,,
,,,,,
,,,,,
,,,,,
,,,,,
,,,,,
,,,,,
,,,,,
,,,,,
,,,,,
,,,,,
,,,,,
,,,,,
,,,,,
,,,,,
,,,,,
,,,,,
,,,,,
,,,,,
,,,,,
,,,,,
,,,,,
,,,,,
,,,,,
,,,,,
,,,,,
,,,,,
,,,,,
,,,,,
,,,,,
,,,,,
,,,,,
,,,,,
,,,,,
,,,,,
,,,,,
,,,,,
,,,,,
,,,,,
,,,,,
,,,,,
,,,,,
,,,,,
,,,,,
,,,,,
,,,,,
,,,,,
,,,,,
,,,,,
,,,,,
,,,,,
,,,,,
,,,,,
,,,,,
,,,,,
,,,,,
,,,,,
,,,,,
,,,,,
,,,,,
,,,,,
,,,,,
,,,,,
,,,,,
,,,,,
,,,,,
,,,,,
,,,,,
,,,,,
,,,,,
,,,,,
,,,,,
,,,,,
,,,,,
,,,,,
,,,,,
,,,,,
,,,,,
,,,,,
,,,,,
,,,,,
,,,,,
,,,,,
,,,,,
,,,,,
,,,,,
,,,,,
,,,,,
,,,,,
,,,,,
,,,,,
,,,,,
,,,,,
,,,,,
,,,,,
,,,,,
,,,,,
,,,,,
,,,,,
,,,,,
,,,,,
,,,,,
,,,,,
,,,,,
,,,,,
,,,,,
,,,,,
,,,,,
,,,,,
,,,,,
,,,,,
,,,,,
,,,,,
,,,,,
,,,,,
,,,,,
,,,,,
,,,,,
,,,,,
,,,,,
,,,,,
,,,,,
,,,,,
,,,,,
,,,,,
,,,,,
,,,,,
,,,,,
,,,,,
,,,,,
,,,,,
,,,,,
,,,,,
,,,,,
,,,,,
,,,,,
,,,,,
,,,,,
,,,,,
,,,,,
,,,,,
,,,,,
,,,,,
,,,,,
,,,,,
,,,,,
,,,,,
,,,,,
,,,,,
,,,,,
,,,,,
,,,,,
,,,,,
,,,,,
,,,,,
,,,,,
,,,,,
,,,,,
,,,,,
,,,,,
,,,,,
,,,,,
,,,,,
,,,,,
,,,,,
,,,,,
,,,,,
,,,,,
,,,,,
,,,,,
,,,,,
,,,,,
,,,,,
,,,,,
,,,,,
,,,,,
,,,,,
,,,,,
,,,,,
,,,,,
,,,,,
,,,,,
,,,,,
,,,,,
,,,,,
,,,,,
,,,,,
,,,,,
,,,,,
,,,,,
,,,,,
,,,,,
,,,,,
,,,,,
,,,,,
,,,,,
,,,,,
,,,,,
,,,,,
,,,,,
,,,,,
,,,,,
,,,,,
,,,,,
,,,,,
,,,,,
,,,,,
,,,,,
,,,,,
,,,,,
,,,,,
,,,,,
,,,,,
,,,,,
,,,,,
,,,,,
,,,,,
,,,,,
,,,,,
,,,,,
,,,,,
,,,,,
,,,,,
,,,,,
,,,,,
,,,,,
,,,,,
,,,,,
,,,,,
,,,,,
,,,,,
,,,,,
,,,,,
,,,,,
,,,,,
,,,,,
,,,,,
,,,,,
,,,,,
,,,,,
,,,,,
,,,,,
,,,,,
,,,,,
,,,,,
,,,,,
,,,,,
,,,,,
,,,,,
,,,,,
,,,,,
,,,,,
,,,,,
,,,,,
,,,,,
,,,,,
,,,,,
,,,,,
,,,,,
,,,,,
,,,,,
,,,,,
,,,,,
,,,,,
,,,,,
,,,,,
,,,,,
,,,,,
,,,,,
,,,,,
,,,,,
,,,,,
,,,,,
,,,,,
,,,,,
,,,,,
,,,,,
,,,,,
,,,,,
,,,,,
,,,,,
,,,,,
,,,,,
,,,,,
,,,,,
,,,,,
,,,,,
,,,,,
,,,,,
,,,,,
,,,,,
,,,,,
,,,,,
,,,,,
,,,,,
,,,,,
,,,,,
,,,,,
,,,,,
,,,,,
,,,,,
,,,,,
,,,,,
,,,,,
,,,,,
,,,,,
,,,,,
,,,,,
,,,,,
,,,,,
,,,,,
,,,,,
,,,,,
,,,,,
,,,,,
,,,,,
,,,,,
,,,,,
,,,,,
,,,,,
,,,,,
,,,,,
,,,,,
,,,,,
,,,,,
,,,,,
,,,,,
,,,,,
,,,,,
,,,,,
,,,,,
,,,,,
,,,,,
,,,,,
,,,,,
,,,,,
,,,,,
,,,,,
,,,,,
,,,,,
,,,,,
,,,,,
,,,,,
,,,,,
,,,,,
,,,,,
,,,,,
,,,,,
,,,,,
,,,,,
,,,,,
,,,,,
,,,,,
,,,,,
,,,,,
,,,,,
,,,,,
,,,,,
,,,,,
,,,,,
,,,,,
,,,,,
,,,,,
,,,,,
,,,,,
,,,,,
,,,,,
,,,,,
,,,,,
,,,,,
,,,,,
,,,,,
,,,,,
,,,,,
,,,,,
,,,,,
,,,,,
,,,,,
,,,,,
,,,,,
,,,,,
,,,,,
,,,,,
,,,,,
,,,,,
,,,,,
,,,,,
,,,,,
,,,,,
,,,,,
,,,,,
,,,,,
,,,,,
,,,,,
,,,,,
,,,,,
,,,,,
,,,,,
,,,,,
,,,,,
,,,,,
,,,,,
,,,,,
,,,,,
,,,,,
,,,,,
,,,,,
,,,,,
,,,,,
,,,,,
,,,,,
,,,,,
,,,,,
,,,,,
,,,,,
,,,,,
,,,,,
,,,,,
,,,,,
,,,,,
,,,,,
,,,,,
,,,,,
,,,,,
,,,,,
,,,,,
,,,,,
,,,,,
,,,,,
,,,,,
,,,,,
,,,,,
,,,,,
,,,,,
,,,,,
,,,,,
,,,,,
,,,,,
,,,,,
,,,,,
,,,,,
,,,,,
,,,,,
,,,,,
,,,,,
,,,,,
,,,,,
,,,,,
,,,,,
,,,,,
,,,,,
,,,,,
,,,,,
,,,,,
,,,,,
,,,,,
,,,,,
,,,,,
,,,,,
,,,,,
,,,,,
,,,,,